Employee_Name,EmpID,EmpStatusID,DeptID,PerfScoreID,Salary,Termd,PositionID,Position,Hiring location,Zip,DOB,Sex,MaritalDesc,Citizenship,DateofJoining,DateofTermination,TermReason,EmploymentStatus,Training hours,Trainings,Cost of training ,Department,ManagerName,ManagerID,Recruitment Source,PerformanceScore,EngagementSurvey,Employee rating,LastPerformanceReview_Date,DaysLateLast30,Absences,EmpType,OTHours
"Adinolfi, Wilson  K",10026,1,5,4,62506,0,19,Production Technician I,MA,1960,07-10-1983,Male ,Single,US Citizen,07-05-2011,,N/A-StillEmployed,Active,2,Manufacturing,2500,Production       ,Michael Albert,22,LinkedIn,Exceeds,4.6,5,1/17/2019,0,1,Permanent,2
"Ait Sidi, Karthikeyan   ",10084,5,3,3,104437,1,27,Sr. DBA,MA,2148,05-05-1975,Male ,Married,US Citizen,3-30-2015,6/16/2016,career change,Voluntarily Terminated,4,cloud computing,3000,IT/IS,Simon Roup,4,Indeed,Fully Meets,4.96,3,2/24/2016,0,17,Permanent,3
"Akinkuolie, Sarah",10196,5,5,3,64955,1,20,Production Technician II,MA,1810,09-09-1988,Female,Married,US Citizen,07-05-2011,9/24/2012,hours,Voluntarily Terminated,3,Equipment knowledge,1500,Production       ,Kissy Sullivan,20,LinkedIn,Fully Meets,3.02,3,5/15/2012,0,3,Permanent,3
"Alagbe,Trina",10088,1,5,3,64991,0,19,Production Technician I,MA,1886,09-09-1988,Female,Married,US Citizen,01-07-2008,,N/A-StillEmployed,Active,3,Equipment knowledge,1500,Production       ,Elijiah Gray,16,Indeed,Fully Meets,4.84,5,01-03-2019,0,15,Permanent,2
"Anderson, Carol ",10069,5,5,3,50825,1,19,Production Technician I,MA,2169,09-08-1989,Female,Divorced,US Citizen,07-11-2011,09-06-2016,return to school,Voluntarily Terminated,3,Equipment knowledge,1500,Production       ,Webster Butler,39,Google Search,Fully Meets,5,4,02-01-2016,0,2,Permanent,1
"Anderson, Linda  ",10002,1,5,4,57568,0,19,Production Technician I,MA,1844,05-02-1977,Female,Single,US Citizen,01-09-2012,,N/A-StillEmployed,Active,3,Equipment knowledge,1500,Production       ,Amy Dunn,11,LinkedIn,Exceeds,5,5,01-07-2019,0,15,contractor,3
"Andreola, Colby",10194,1,4,3,95660,0,24,Software Engineer,MA,2110,05-03-1979,Female,Single,US Citizen,11-10-2014,,N/A-StillEmployed,Active,3,Bigdata,2500,Software Engineering,Alex Sweetwater,10,LinkedIn,Fully Meets,3.04,3,01-02-2019,0,19,contractor,4
"Athwal, Sam",10062,1,5,3,59365,0,19,Production Technician I,MA,2199,02-07-1983,Male ,Widowed,US Citizen,9-30-2013,,N/A-StillEmployed,Active,2,Manufacturing,2500,Production       ,Ketsia Liebig,19,Employee Referral,Fully Meets,5,4,2/25/2019,0,19,contractor,1
"Bachiochi, Linda",10114,3,5,3,47837,0,19,Production Technician I,MA,1902,02-11-1970,Female,Single,US Citizen,07-06-2009,,N/A-StillEmployed,Active,2,Manufacturing,2500,Production       ,Brannon Miller,12,Diversity Job Fair,Fully Meets,4.46,3,1/25/2019,0,4,Permanent,2
"Bacong, Alejandro ",10250,1,3,3,50178,0,14,IT Support,MA,1886,01-07-1988,Male ,Divorced,US Citizen,01-05-2015,,N/A-StillEmployed,Active,4,python,2000,IT/IS,Peter Monroe,7,Indeed,Fully Meets,5,5,2/18/2019,0,16,Permanent,3
"Baczenski, Rachael  ",10252,5,5,3,54670,1,19,Production Technician I,MA,1902,01-12-1974,Female,Married,US Citizen,01-10-2011,01-12-2017,Another position,Voluntarily Terminated,2,Manufacturing,2500,Production       ,David Stanley,14,Diversity Job Fair,Fully Meets,4.2,4,1/30/2016,0,12,Permanent,2
"Barbara, Thomas",10242,5,5,3,47211,1,19,Production Technician I,MA,2062,02-01-1974,Male ,Married,US Citizen,04-02-2012,9/19/2016,unhappy,Voluntarily Terminated,2,Manufacturing,2500,Production       ,Kissy Sullivan,20,Diversity Job Fair,Fully Meets,4.2,3,05-06-2016,0,15,Permanent,3
"Barbossa, Hector",10012,1,3,4,92328,0,9,Data Analyst,TX,78230,07-04-1988,Male ,Divorced,US Citizen,11-10-2014,,N/A-StillEmployed,Active,4,python,2000,IT/IS,Simon Roup,4,Diversity Job Fair,Exceeds,4.28,4,2/25/2019,0,9,Permanent,3
"Barone, Francesco  A",10265,1,5,3,58709,0,19,Production Technician I,MA,1810,07-10-1983,Male ,Single,US Citizen,2-20-2012,,N/A-StillEmployed,Active,3,Equipment knowledge,1500,Production       ,Kelley Spirea,18,Google Search,Fully Meets,4.6,4,2/14/2019,0,7,contractor,2
"Barton, Nader",10066,5,5,3,52505,1,19,Production Technician I,MA,2747,07-01-1977,Male ,Divorced,US Citizen,9-24-2012,04-06-2017,Another position,Voluntarily Terminated,3,Equipment knowledge,1500,Production       ,Michael Albert,22,On-line Web application,Fully Meets,5,5,03-02-2017,0,1,contractor,1
"Bates, Norman",10061,4,5,3,57834,1,19,Production Technician I,MA,2050,10-07-1981,Male ,Single,US Citizen,2-21-2011,08-04-2017,attendance,Terminated for Cause,3,Equipment knowledge,1500,Production       ,Kelley Spirea,18,Google Search,Fully Meets,5,4,04-05-2017,0,20,contractor,3
"Beak, Kimberly  ",10023,2,5,4,70131,0,20,Production Technician II,MA,2145,04-06-1966,Female,Married,US Citizen,7-21-2016,,N/A-StillEmployed,Active,2,Manufacturing,2500,Production       ,Kelley Spirea,18,Employee Referral,Exceeds,4.4,3,1/14/2019,0,16,Permanent,4
"Beatrice, Courtney ",10055,1,5,3,59026,0,19,Production Technician I,MA,1915,10-09-1970,Female,Single,Eligible NonCitizen,04-04-2011,,N/A-StillEmployed,Active,2,Manufacturing,2500,Production       ,Elijiah Gray,16,Google Search,Fully Meets,5,5,1/14/2019,0,12,contractor,1
"Becker, Renee",10245,4,3,3,110000,1,8,Database Administrator,MA,2026,04-04-1986,Female,Single,US Citizen,07-07-2014,09-12-2015,performance,Terminated for Cause,4,python,2000,IT/IS,Simon Roup,4,Google Search,Fully Meets,4.5,4,1/15/2015,0,8,Permanent,2
"Becker, Scott",10277,3,5,3,53250,0,19,Production Technician I,MA,2452,04-06-1979,Male ,Single,US Citizen,07-08-2013,,N/A-StillEmployed,Active,3,Equipment knowledge,1500,Production       ,Webster Butler,,LinkedIn,Fully Meets,4.2,4,01-11-2019,0,13,Permanent,3
"Bernstein, Sean",10046,1,5,3,51044,0,19,Production Technician I,MA,2072,12-02-1970,Male ,Single,US Citizen,04-02-2012,,N/A-StillEmployed,Active,3,Equipment knowledge,1500,Production       ,Amy Dunn,11,Google Search,Fully Meets,5,3,1/14/2019,0,13,contractor,3
"Biden, Lowan  M",10226,1,5,3,64919,0,19,Production Technician I,MA,2027,12-09-1958,Female,Divorced,US Citizen,08-09-2013,,N/A-StillEmployed,Active,3,Equipment knowledge,1500,Production       ,Ketsia Liebig,19,Indeed,Fully Meets,4.2,3,01-10-2019,0,2,contractor,4
"Billis, Helen",10003,1,5,4,62910,0,19,Production Technician I,MA,2031,09-01-1989,Female,Married,US Citizen,07-07-2014,,N/A-StillEmployed,Active,2,Manufacturing,2500,Production       ,Brannon Miller,12,Indeed,Exceeds,5,3,2/27/2019,0,19,contractor,1
"Blount, Dianna",10294,1,5,2,66441,0,20,Production Technician II,MA,2171,09-01-1990,Female,Single,US Citizen,04-04-2011,,N/A-StillEmployed,Active,2,Manufacturing,2500,Production       ,Michael Albert,22,CareerBuilder,Needs Improvement,2,3,2/27/2019,2,3,contractor,2
"Bondwell, Betsy",10267,5,5,3,57815,1,20,Production Technician II,MA,2210,01-02-1967,Female,Single,US Citizen,01-10-2011,04-04-2014,career change,Voluntarily Terminated,2,Manufacturing,2500,Production       ,Elijiah Gray,16,Google Search,Fully Meets,4.8,5,03-04-2014,0,5,Permanent,3
"Booth, Frank",10199,4,3,3,103613,1,30,Enterprise Architect,CT,6033,07-08-1964,Male ,Single,US Citizen,2-17-2014,2/19/2016,Learned that he is a gangster,Terminated for Cause,4,python,2000,IT/IS,Simon Roup,4,LinkedIn,Fully Meets,3.5,5,01-10-2016,0,2,Permanent,2
"Boutwell, Bonalyn",10081,1,1,3,106367,0,26,Sr. Accountant,MA,2468,04-04-1987,Female,Married,US Citizen,2-16-2015,,N/A-StillEmployed,Active,1,CAA,5000,Admin Offices,Brandon R. LeBlanc,3,Diversity Job Fair,Fully Meets,5,4,2/18/2019,0,4,Permanent,3
"Bozzi, Charles",10175,5,5,3,74312,1,18,Production Manager,MA,1901,03-10-1970,Male ,Single,US Citizen,9-30-2013,08-07-2014,retiring,Voluntarily Terminated,2,Manufacturing,2500,Production       ,Janet King,2,Indeed,Fully Meets,3.39,3,2/20/2014,0,14,Permanent,3
"Brill, Donna",10177,5,5,3,53492,1,19,Production Technician I,MA,1701,08-03-1990,Female,Married,US Citizen,04-02-2012,6/15/2013,Another position,Voluntarily Terminated,2,Manufacturing,2500,Production       ,David Stanley,14,Google Search,Fully Meets,3.35,4,03-04-2013,0,6,Permanent,2
"Brown, Mia",10238,1,1,3,63000,0,1,Accountant I,MA,1450,11-03-1987,Female,Married,US Citizen,10-27-2008,,N/A-StillEmployed,Active,1,CAA,5000,Admin Offices,Brandon R. LeBlanc,1,Diversity Job Fair,Fully Meets,4.5,2,1/15/2019,0,14,Permanent,1
"Buccheri, Joseph  ",10184,1,5,3,65288,0,20,Production Technician II,MA,1013,07-10-1983,Male ,Single,US Citizen,9-29-2014,,N/A-StillEmployed,Active,3,Equipment knowledge,1500,Production       ,Webster Butler,,Google Search,Fully Meets,3.19,3,02-01-2019,0,9,contractor,3
"Bugali, Josephine ",10203,3,5,3,64375,0,19,Production Technician I,MA,2043,10-08-1969,Female,Separated,US Citizen,11-11-2013,,N/A-StillEmployed,Active,2,Manufacturing,2500,Production       ,Kissy Sullivan,20,Diversity Job Fair,Fully Meets,3.5,5,1/21/2019,0,17,contractor,2
"Bunbury, Jessica",10188,5,6,3,74326,1,3,Area Sales Manager,VA,21851,06-01-1964,Female,Married,Eligible NonCitizen,8-15-2011,08-02-2014,Another position,Voluntarily Terminated,4,customer relationship,2500,Sales,John Smith,17,Google Search,Fully Meets,3.14,5,02-10-2013,1,19,contractor,3
"Burke, Joelle",10107,1,5,3,63763,0,20,Production Technician II,MA,2148,03-02-1980,Female,Single,US Citizen,03-05-2012,,N/A-StillEmployed,Active,3,Equipment knowledge,1500,Production       ,Amy Dunn,11,Employee Referral,Fully Meets,4.51,4,2/21/2019,0,3,Permanent,3
"Burkett, Benjamin ",10181,1,5,3,62162,0,20,Production Technician II,MA,1890,08-09-1977,Male ,Married,US Citizen,04-04-2011,,N/A-StillEmployed,Active,2,Manufacturing,2500,Production       ,Ketsia Liebig,19,Indeed,Fully Meets,3.25,5,1/14/2019,0,15,Permanent,2
"Cady, Max ",10150,1,4,3,77692,0,25,Software Engineering Manager,MA,2184,11-02-1966,Male ,Single,US Citizen,08-01-2011,,N/A-StillEmployed,Active,3,Bigdata,2500,Software Engineering,Jennifer Zamora,5,Google Search,Fully Meets,3.84,3,1/21/2019,0,4,Permanent,1
"Candie, Calvin",10001,1,5,4,72640,0,18,Production Manager,MA,2169,08-09-1983,Male ,Single,US Citizen,1-28-2016,,N/A-StillEmployed,Active,3,equipment knowledge,1500,Production       ,Janet King,2,Indeed,Exceeds,5,3,2/22/2019,0,14,Permanent,4
"Carabbio, Judith",10085,1,4,3,93396,0,24,Software Engineer,MA,2132,04-05-1987,Female,Single,US Citizen,11-11-2013,,N/A-StillEmployed,Active,3,Bigdata,2500,Software Engineering,Alex Sweetwater,10,Indeed,Fully Meets,4.96,4,1/30/2019,0,3,Permanent,1
"Carey, Michael  ",10115,1,5,3,52846,0,19,Production Technician I,MA,1701,02-02-1983,Male ,Single,US Citizen,3-31-2014,,N/A-StillEmployed,Active,2,Manufacturing,2500,Production       ,Kelley Spirea,18,LinkedIn,Fully Meets,4.43,3,02-01-2019,0,14,Permanent,2
"Carr, Claudia  N",10082,2,3,3,100031,0,27,Sr. DBA,MA,1886,06-06-1986,Female,Single,US Citizen,6-30-2016,,N/A-StillEmployed,Active,4,Python,2000,IT/IS,Simon Roup,4,LinkedIn,Fully Meets,5,5,2/18/2019,0,7,Permanent,3
"Carter, Michelle ",10040,1,6,3,71860,0,3,Area Sales Manager,VT,5664,05-01-1963,Female,Single,US Citizen,8-18-2014,,N/A-StillEmployed,Active,4,Customer relationship,2500,Sales,John Smith,17,Indeed,Fully Meets,5,5,1/21/2019,0,7,Permanent,3
"Chace, Beatrice ",10067,1,5,3,61656,0,19,Production Technician I,MA,2763,01-02-1951,Female,Single,US Citizen,9-29-2014,,N/A-StillEmployed,Active,3,EQuipment knowledge,1500,Production       ,Michael Albert,22,Google Search,Fully Meets,5,4,02-12-2019,0,11,Permanent,4
"Champaigne, Brian",10108,1,3,3,110929,0,5,BI Director,MA,2045,02-09-1972,Male ,Married,US Citizen,09-06-2016,,N/A-StillEmployed,Active,4,python,2000,IT/IS,Jennifer Zamora,5,Indeed,Fully Meets,4.5,5,1/15/2019,0,8,contractor,1
"Chan, Lin",10210,1,5,3,54237,0,19,Production Technician I,MA,2170,02-12-1979,Female,Single,US Citizen,05-12-2014,,N/A-StillEmployed,Active,3,Equipment knowledge,1500,Production       ,Elijiah Gray,16,Indeed,Fully Meets,3.3,4,2/19/2019,0,11,contractor,2
"Chang, Donovan  E",10154,1,5,3,60380,0,19,Production Technician I,MA,1845,08-03-1983,Male ,Single,US Citizen,07-08-2013,,N/A-StillEmployed,Active,2,Manufacturing,2500,Production       ,Webster Butler,,LinkedIn,Fully Meets,3.8,5,1/14/2019,0,4,contractor,3
"Chigurh, Anton",10200,1,6,3,66808,0,3,Area Sales Manager,TX,78207,06-11-1970,Male ,Single,Eligible NonCitizen,5-14-2012,,N/A-StillEmployed,Active,4,customer relationship,2500,Sales,Lynn Daneault,21,Employee Referral,Fully Meets,3,5,1/19/2019,0,17,Permanent,2
"Chivukula, Enola",10240,5,5,3,64786,1,19,Production Technician I,MA,1775,08-09-1983,Female,Single,US Citizen,6-27-2011,11/15/2015,relocation out of area,Voluntarily Terminated,3,equipment knowledge,1500,Production       ,Amy Dunn,11,Indeed,Fully Meets,4.3,4,03-10-2015,0,3,Permanent,3
"Cierpiszewski, Caroline  ",10168,1,5,3,64816,0,19,Production Technician I,MA,2044,05-11-1988,Female,Single,Non-Citizen,10-03-2011,,N/A-StillEmployed,Active,2,Manufacturing,2500,Production       ,Ketsia Liebig,19,Indeed,Fully Meets,3.58,5,1/30/2019,0,3,Permanent,3
"Clayton, Rick",10220,1,3,3,68678,0,14,IT Support,MA,2170,09-05-1985,Male ,Single,US Citizen,09-05-2012,,N/A-StillEmployed,Active,4,python,2000,IT/IS,Eric Dougall,6,Indeed,Fully Meets,4.7,3,2/27/2019,0,2,Permanent,2
"Cloninger, Jennifer",10275,5,5,3,64066,1,20,Production Technician II,MA,1752,08-11-1981,Female,Married,US Citizen,05-02-2011,01-07-2013,unhappy,Voluntarily Terminated,3,Equipment knowledge,1500,Production       ,Brannon Miller,12,Google Search,Fully Meets,4.2,5,05-03-2012,0,9,Permanent,1
"Close, Phil",10269,5,5,3,59369,1,20,Production Technician II,MA,2169,11-06-1978,Male ,Married,US Citizen,8-30-2010,9/26/2011,career change,Voluntarily Terminated,2,Manufacturing,2500,Production       ,David Stanley,14,Indeed,Fully Meets,4.2,4,05-04-2011,0,6,contractor,3
"Clukey, Elijian",10029,2,5,4,50373,0,19,Production Technician I,MA,2134,08-12-1980,Male ,Married,US Citizen,07-06-2016,,N/A-StillEmployed,Active,3,Equipment knowledge,1500,Production       ,Brannon Miller,12,Employee Referral,Exceeds,4.1,4,2/28/2019,0,5,contractor,2
"Cockel, James",10261,1,5,3,63108,0,19,Production Technician I,MA,2452,09-08-1977,Male ,Single,US Citizen,07-08-2013,,N/A-StillEmployed,Active,2,Manufacturing,2500,Production       ,David Stanley,14,Employee Referral,Fully Meets,4.4,5,1/14/2019,0,3,contractor,2
"Cole, Spencer",10292,4,5,2,59144,1,19,Production Technician I,MA,1880,08-12-1979,Male ,Single,US Citizen,07-11-2011,9/23/2016,performance,Terminated for Cause,3,Equipment knowledge,1500,Production       ,Kissy Sullivan,20,LinkedIn,Needs Improvement,2,3,05-01-2016,5,16,Permanent,3
"Corleone, Michael",10282,1,5,2,68051,0,18,Production Manager,MA,1803,12-06-1975,Male ,Divorced,US Citizen,7-20-2010,,N/A-StillEmployed,Active,2,Manufacturing,2500,Production       ,Janet King,2,CareerBuilder,Needs Improvement,4.13,2,1/14/2019,3,3,contractor,3
"Corleone, Vito",10019,1,5,4,170500,0,10,Director of Operations,MA,2030,03-09-1983,Male ,Single,US Citizen,01-05-2009,,N/A-StillEmployed,Active,3,Equipment knowledge,1500,Production       ,Janet King,2,Indeed,Exceeds,3.7,5,02-04-2019,0,15,Permanent,2
"Cornett, Lisa ",10094,1,5,3,63381,0,19,Production Technician I,MA,2189,03-11-1977,Female,Married,US Citizen,01-05-2015,,N/A-StillEmployed,Active,2,Manufacturing,2500,Production       ,Kelley Spirea,18,Indeed,Fully Meets,4.73,5,2/14/2019,0,6,Permanent,1
"Costello, Frank",10193,1,3,3,83552,0,9,Data Analyst,MA,1810,08-12-1986,Male ,Married,US Citizen,3-30-2015,,N/A-StillEmployed,Active,4,python,2000,IT/IS,Simon Roup,4,Indeed,Fully Meets,3.04,3,1/22/2019,0,2,contractor,3
"Crimmings,   Jean",10132,2,5,3,56149,0,19,Production Technician I,MA,1821,04-10-1987,Female,Single,US Citizen,07-06-2016,,N/A-StillEmployed,Active,3,Equipment knowledge,1500,Production       ,Michael Albert,22,LinkedIn,Fully Meets,4.12,5,1/28/2019,0,15,contractor,4
"Cross, Noah",10083,1,3,3,92329,0,28,Sr. Network Engineer,CT,6278,09-09-1965,Male ,Single,US Citizen,11-10-2014,,N/A-StillEmployed,Active,4,python,2000,IT/IS,Peter Monroe,7,Employee Referral,Fully Meets,5,3,01-02-2019,0,5,contractor,1
"Daneault, Lynn",10099,1,6,3,65729,0,21,Sales Manager,VT,5473,04-09-1990,Female,Single,US Citizen,05-05-2014,,N/A-StillEmployed,Active,4,customer relationship,2500,Sales,Debra Houlihan,15,Indeed,Fully Meets,4.62,4,1/24/2019,0,8,contractor,2
"Daniele, Ann  ",10212,3,3,3,85028,0,28,Sr. Network Engineer,CT,6033,01-07-1952,Female,Married,US Citizen,11-10-2014,,N/A-StillEmployed,Active,4,python,2000,IT/IS,Peter Monroe,7,LinkedIn,Fully Meets,3.1,5,02-12-2019,0,19,Permanent,3
"Darson, Jene'ya ",10056,1,5,3,57583,0,19,Production Technician I,MA,2110,11-05-1978,Female,Married,US Citizen,07-02-2012,,N/A-StillEmployed,Active,2,Manufacturing,2500,Production       ,Elijiah Gray,16,Indeed,Fully Meets,5,3,2/25/2019,0,1,Permanent,2
"Davis, Daniel",10143,1,5,3,56294,0,20,Production Technician II,MA,2458,09-03-1979,Male ,Single,Eligible NonCitizen,11-07-2011,,N/A-StillEmployed,Active,3,Equipment knowledge,1500,Production       ,Kissy Sullivan,20,LinkedIn,Fully Meets,3.96,4,2/27/2019,0,6,Permanent,3
"Dee, Randy",10311,1,6,1,56991,0,19,Production Technician I,MA,2138,04-01-1988,Male ,Married,US Citizen,07-09-2018,,N/A-StillEmployed,Active,2,Manufacturing,2500,Production       ,Brannon Miller,12,Indeed,Fully Meets,4.3,4,1/31/2019,2,2,Permanent,3
"DeGweck,  James",10070,5,5,3,55722,1,19,Production Technician I,MA,1810,10-11-1977,Male ,Married,US Citizen,05-02-2011,06-08-2016,unhappy,Voluntarily Terminated,3,Equipment knowledge,1500,Production       ,Webster Butler,39,Indeed,Fully Meets,5,4,04-02-2016,0,14,Permanent,2
"Del Bosque, Keyla",10155,1,4,3,101199,0,24,Software Engineer,MA,2176,07-05-1979,Female,Single,US Citizen,01-09-2012,,N/A-StillEmployed,Active,3,Bigdata,2500,Software Engineering,Alex Sweetwater,10,CareerBuilder,Fully Meets,3.79,5,1/25/2019,0,8,Permanent,1
"Delarge, Alex",10306,1,6,1,61568,0,3,Area Sales Manager,AL,36006,11-02-1975,Male ,Single,US Citizen,9-29-2014,,N/A-StillEmployed,Active,4,customer relationship,2500,Sales,John Smith,17,Indeed,PIP,1.93,3,1/30/2019,6,5,contractor,3
"Demita, Carla",10100,5,5,3,58275,1,20,Production Technician II,MA,2343,02-06-1951,Female,Separated,US Citizen,04-04-2011,11-04-2015,more money,Voluntarily Terminated,3,Equipment knowledge,1500,Production       ,Kelley Spirea,18,Google Search,Fully Meets,4.62,5,05-06-2015,0,1,contractor,4
"Desimone, Carl ",10310,1,5,1,53189,0,19,Production Technician I,MA,2061,04-09-1967,Male ,Married,US Citizen,07-07-2014,,N/A-StillEmployed,Active,3,Equipment knowledge,1500,Production       ,Amy Dunn,11,Indeed,PIP,1.12,2,1/31/2019,4,9,contractor,1
"DeVito, Tommy",10197,1,3,3,96820,0,4,BI Developer,MA,2045,09-04-1983,Male ,Single,US Citizen,2-15-2017,,N/A-StillEmployed,Active,4,cloud computing,3000,IT/IS,Brian Champaigne,13,Indeed,Fully Meets,3.01,5,1/23/2019,0,15,Permanent,2
"Dickinson, Geoff ",10276,1,5,3,51259,0,19,Production Technician I,MA,2180,11-01-1982,Male ,Single,US Citizen,05-12-2014,,N/A-StillEmployed,Active,2,Manufacturing,2500,Production       ,Ketsia Liebig,19,Indeed,Fully Meets,4.3,4,2/19/2019,0,1,Permanent,3
"Dietrich, Jenna  ",10304,1,6,1,59231,0,3,Area Sales Manager,WA,98052,05-03-1987,Female,Single,US Citizen,2-20-2012,,N/A-StillEmployed,Active,4,customer relationship,2500,Sales,John Smith,17,Website,PIP,2.3,1,1/29/2019,2,17,Permanent,4
"DiNocco, Lily ",10284,1,5,2,61584,0,19,Production Technician I,MA,2351,12-02-1978,Female,Married,US Citizen,01-07-2013,,N/A-StillEmployed,Active,2,Manufacturing,2500,Production       ,Brannon Miller,12,Indeed,Needs Improvement,3.88,4,1/18/2019,0,6,Permanent,1
"Dobrin, Denisa  S",10207,1,5,3,46335,0,19,Production Technician I,MA,2125,10-07-1986,Female,Single,US Citizen,04-02-2012,,N/A-StillEmployed,Active,3,Equipment knowledge,1500,Production       ,David Stanley,14,CareerBuilder,Fully Meets,3.4,5,2/19/2019,0,15,Permanent,2
"Dolan, Linda",10133,1,3,3,70621,0,14,IT Support,MA,2119,07-07-1988,Female,Married,US Citizen,01-05-2015,,N/A-StillEmployed,Active,4,python,2000,IT/IS,Peter Monroe,7,Employee Referral,Fully Meets,4.11,4,2/25/2019,0,16,Permanent,3
"Dougall, Eric",10028,1,3,4,138888,0,13,IT Manager - Support,MA,1886,07-09-1970,Male ,Single,US Citizen,01-05-2014,,N/A-StillEmployed,Active,4,python,2000,IT/IS,Jennifer Zamora,5,Indeed,Exceeds,4.3,5,01-04-2019,0,4,Permanent,2
"Driver, Elle",10006,1,6,4,74241,0,3,Area Sales Manager,CA,90007,11-08-1988,Female,Single,US Citizen,01-10-2011,,N/A-StillEmployed,Active,4,cloud computing,2500,Sales,Lynn Daneault,21,Indeed,Exceeds,4.77,5,1/27/2019,0,14,Permanent,3
"Dunn, Amy  ",10105,1,5,3,75188,0,18,Production Manager,MA,1731,11-10-1973,Female,Single,US Citizen,9-18-2014,,N/A-StillEmployed,Active,3,Equipment knowledge,1500,Production       ,Janet King,2,Google Search,Fully Meets,4.52,4,1/15/2019,0,4,Permanent,4
"Dunne, Amy",10211,1,5,3,62514,0,19,Production Technician I,MA,1749,09-10-1973,Female,Married,US Citizen,04-12-2010,,N/A-StillEmployed,Active,2,Manufacturing,2500,Production       ,Ketsia Liebig,19,Google Search,Fully Meets,2.9,3,1/21/2019,0,6,contractor,1
"Eaton, Marianne",10064,5,5,3,60070,1,19,Production Technician I,MA,2343,09-05-1991,Female,Married,US Citizen,04-04-2011,06-06-2017,military,Voluntarily Terminated,3,Equipment knowledge,1500,Production       ,Kissy Sullivan,20,Google Search,Fully Meets,5,3,04-09-2017,0,7,contractor,2
"Engdahl, Jean",10247,1,5,3,48888,0,19,Production Technician I,MA,2026,05-11-1974,Male ,Single,US Citizen,11-10-2014,,N/A-StillEmployed,Active,2,Manufacturing,2500,Production       ,Kelley Spirea,18,LinkedIn,Fully Meets,4.7,5,2/13/2019,0,8,contractor,3
"England, Rex",10235,1,5,3,54285,0,19,Production Technician I,MA,2045,08-06-1978,Male ,Married,US Citizen,3-31-2014,,N/A-StillEmployed,Active,3,Equipment knowledge,1500,Production       ,Kelley Spirea,18,Employee Referral,Fully Meets,4.2,3,01-11-2019,0,3,Permanent,2
"Erilus, Angela",10299,1,5,1,56847,0,20,Production Technician II,MA,2133,08-06-1989,Female,Separated,US Citizen,07-07-2014,,N/A-StillEmployed,Active,2,Manufacturing,2500,Production       ,Michael Albert,22,Indeed,PIP,3,1,2/25/2019,2,5,Permanent,3
"Estremera, Miguel",10280,4,5,2,60340,1,19,Production Technician I,MA,2129,09-02-1983,Male ,Single,US Citizen,04-02-2012,9/27/2018,attendance,Terminated for Cause,3,Equipment knowledge,1500,Production       ,Michael Albert,22,Google Search,Needs Improvement,5,4,04-12-2018,5,16,Permanent,4
"Evensen, April",10296,4,5,2,59124,1,19,Production Technician I,MA,2458,05-06-1989,Female,Single,US Citizen,2-17-2014,2/25/2018,"no-call, no-show",Terminated for Cause,3,Equipment knowledge,1500,Production       ,Elijiah Gray,16,Google Search,Needs Improvement,2.3,3,1/15/2017,5,19,Permanent,1
"Exantus, Susan",10290,4,4,2,99280,1,24,Software Engineer,MA,1749,05-01-1987,Female,Married,US Citizen,05-02-2011,06-05-2013,attendance,Terminated for Cause,3,Bigdata,2500,Software Engineering,Alex Sweetwater,10,Indeed,Needs Improvement,2.1,5,08-10-2012,4,19,Permanent,2
"Faller, Megan ",10263,1,5,3,71776,0,20,Production Technician II,MA,1824,09-02-1978,Female,Married,US Citizen,07-07-2014,,N/A-StillEmployed,Active,2,Manufacturing,2500,Production       ,Elijiah Gray,16,LinkedIn,Fully Meets,4.4,5,2/22/2019,0,17,contractor,3
"Fancett, Nicole",10136,1,5,3,65902,0,20,Production Technician II,MA,2324,09-09-1987,Female,Single,US Citizen,2-17-2014,,N/A-StillEmployed,Active,3,Equipment knowledge,1500,Production       ,Webster Butler,,LinkedIn,Fully Meets,4,4,01-07-2019,0,7,contractor,2
"Ferguson, Susan",10189,5,5,3,57748,1,19,Production Technician I,MA,2176,04-03-1955,Female,Married,US Citizen,11-07-2011,5/17/2016,military,Voluntarily Terminated,2,Manufacturing,2500,Production       ,Webster Butler,39,Google Search,Fully Meets,3.13,3,02-04-2016,0,16,contractor,3
"Fernandes, Nilson  ",10308,1,5,1,64057,0,19,Production Technician I,MA,2132,10-07-1989,Male ,Married,US Citizen,05-11-2015,,N/A-StillEmployed,Active,3,Equipment knowledge,1500,Production       ,Amy Dunn,11,Indeed,PIP,1.56,5,01-03-2019,6,15,Permanent,2
"Fett, Boba",10309,1,3,1,53366,0,15,Network Engineer,MA,2138,06-07-1987,Male ,Single,US Citizen,3-30-2015,,N/A-StillEmployed,Active,4,cloud computing,3000,IT/IS,Peter Monroe,7,LinkedIn,PIP,1.2,3,02-04-2019,3,2,contractor,3
"Fidelia,  Libby",10049,1,5,3,58530,0,19,Production Technician I,MA,2155,03-02-1981,Female,Married,US Citizen,01-09-2012,,N/A-StillEmployed,Active,3,python,,Production       ,Brannon Miller,12,Google Search,Fully Meets,5,5,1/29/2019,0,19,Permanent,3
"Fitzpatrick, Michael  J",10093,5,5,3,72609,1,20,Production Technician II,MA,2143,10-01-1981,Male ,Single,US Citizen,5-16-2011,6/24/2013,hours,Voluntarily Terminated,2,python,,Production       ,Amy Dunn,11,Google Search,Fully Meets,4.76,5,04-05-2013,0,20,Permanent,2
"Foreman, Tanya",10163,5,5,3,55965,1,20,Production Technician II,MA,2170,11-08-1983,Female,Married,US Citizen,04-04-2011,01-09-2013,career change,Voluntarily Terminated,3,Equipment knowledge,1500,Production       ,Ketsia Liebig,19,Google Search,Fully Meets,3.66,3,01-07-2012,0,6,contractor,1
"Forrest, Alex",10305,1,6,3,70187,1,3,Area Sales Manager,MA,2330,07-07-1975,Male ,Married,US Citizen,9-29-2014,8/19/2018,Fatal attraction,Terminated for Cause,4,customer relationship,2500,Sales,Lynn Daneault,21,Employee Referral,PIP,2,5,1/28/2019,4,7,contractor,3
"Foss, Jason",10015,1,3,4,178000,0,12,IT Director,MA,1460,07-05-1980,Male ,Single,US Citizen,4-15-2011,,N/A-StillEmployed,Active,4,cloud computing,3000,IT/IS,Jennifer Zamora,5,Indeed,Exceeds,5,5,01-07-2019,0,15,contractor,2
"Foster-Baker, Amy",10080,1,1,3,99351,0,26,Sr. Accountant,MA,2050,04-02-1979,Female,Married,US Citizen,01-05-2009,,N/A-StillEmployed,Active,1,CAA,5000,Admin Offices,Board of Directors,9,Other,Fully Meets,5,3,02-08-2019,0,3,contractor,2
"Fraval, Maruk ",10258,1,6,3,67251,0,3,Area Sales Manager,CT,6050,08-10-1963,Male ,Single,US Citizen,09-06-2011,,N/A-StillEmployed,Active,4,customer relationship,2500,Sales,Lynn Daneault,21,CareerBuilder,Fully Meets,4.3,3,1/27/2019,2,7,Permanent,3
"Galia, Lisa",10273,1,3,3,65707,0,14,IT Support,CT,6040,07-06-1968,Female,Single,US Citizen,05-01-2010,,N/A-StillEmployed,Active,4,cloud computing,3000,IT/IS,Eric Dougall,6,LinkedIn,Fully Meets,4.7,4,02-01-2019,0,1,Permanent,3
"Garcia, Raul",10111,1,5,3,52249,0,19,Production Technician I,MA,1905,09-01-1985,Male ,Single,US Citizen,3-30-2015,,N/A-StillEmployed,Active,3,Equipment knowledge,1500,Production       ,David Stanley,14,Employee Referral,Fully Meets,4.5,3,2/18/2019,0,5,Permanent,2
"Gaul, Barbara",10257,1,5,3,53171,0,19,Production Technician I,MA,2121,12-02-1983,Female,Single,US Citizen,5-16-2011,,N/A-StillEmployed,Active,3,Equipment knowledge,1500,Production       ,Kelley Spirea,18,LinkedIn,Fully Meets,4.2,4,2/26/2019,0,12,Permanent,1
"Gentry, Mildred",10159,1,5,3,51337,0,19,Production Technician I,MA,2145,10-01-1990,Female,Married,US Citizen,3-30-2015,,N/A-StillEmployed,Active,3,Equipment knowledge,1500,Production       ,Michael Albert,22,LinkedIn,Fully Meets,3.73,3,1/16/2019,0,19,Permanent,3
"Gerke, Melisa",10122,5,5,3,51505,1,19,Production Technician I,MA,2330,05-01-1970,Female,Divorced,US Citizen,11-07-2011,11/15/2016,hours,Voluntarily Terminated,3,Equipment knowledge,1500,Production       ,Elijiah Gray,16,Diversity Job Fair,Fully Meets,4.24,4,4/29/2016,0,2,Permanent,4
"Gill, Whitney  ",10142,4,6,3,59370,1,3,Area Sales Manager,OH,43050,07-10-1971,Female,Widowed,US Citizen,07-07-2014,09-05-2015,attendance,Terminated for Cause,4,customer relationship,2500,Sales,John Smith,17,CareerBuilder,Fully Meets,3.97,4,1/15/2014,0,7,contractor,1
"Gilles, Alex",10283,5,5,2,54933,1,19,Production Technician I,MA,2062,08-09-1974,Male ,Married,US Citizen,04-02-2012,6/25/2015,military,Voluntarily Terminated,2,Manufacturing,2500,Production       ,Webster Butler,39,Diversity Job Fair,Needs Improvement,3.97,4,1/20/2015,3,15,contractor,2
"Girifalco, Evelyn",10018,1,5,4,57815,0,19,Production Technician I,MA,2451,05-08-1980,Female,Single,US Citizen,9-29-2014,,N/A-StillEmployed,Active,3,Equipment knowledge,1500,Production       ,Amy Dunn,11,Indeed,Exceeds,3.9,4,02-07-2019,0,3,contractor,3
"Givens, Myriam",10255,1,6,3,61555,0,3,Area Sales Manager,IN,46204,09-02-1989,Female,Single,US Citizen,02-02-2015,,N/A-StillEmployed,Active,4,customer relationship,2500,Sales,Lynn Daneault,21,Indeed,Fully Meets,4.5,5,1/25/2019,0,20,Permanent,2
"Goble, Taisha",10246,4,3,3,114800,1,8,Database Administrator,MA,2127,10-10-1971,Female,Single,US Citizen,02-02-2015,3/15/2015,"no-call, no-show",Terminated for Cause,4,cloud computing,3000,IT/IS,Simon Roup,4,Indeed,Fully Meets,4.6,4,1/20/2015,0,10,Permanent,3
"Goeth, Amon",10228,1,3,3,74679,0,14,IT Support,MA,2135,11-03-1989,Male ,Married,US Citizen,3-30-2015,,N/A-StillEmployed,Active,4,cloud computing,3000,IT/IS,Peter Monroe,7,LinkedIn,Fully Meets,4.3,5,01-10-2019,0,20,Permanent,3
"Gold, Shenice  ",10243,1,5,3,53018,0,19,Production Technician I,MA,2451,06-07-1992,Female,Single,US Citizen,11-11-2013,,N/A-StillEmployed,Active,2,Manufacturing,2500,Production       ,Ketsia Liebig,19,Indeed,Fully Meets,4.3,5,2/18/2019,0,7,Permanent,2
"Gonzalez, Cayo",10031,1,5,4,59892,0,19,Production Technician I,MA,2108,09-09-1969,Male ,Divorced,US Citizen,07-11-2011,,N/A-StillEmployed,Active,3,Equipment knowledge,1500,Production       ,Brannon Miller,12,Diversity Job Fair,Exceeds,4.5,4,2/18/2019,0,1,Permanent,1
"Gonzalez, Juan",10300,5,5,1,68898,1,20,Production Technician II,MA,2128,10-12-1964,Male ,Married,US Citizen,4-26-2010,5/30/2011,career change,Voluntarily Terminated,2,Manufacturing,2500,Production       ,Brannon Miller,12,Diversity Job Fair,PIP,3,3,03-06-2011,3,10,Permanent,3
"Gonzalez, Maria",10101,1,3,3,61242,0,14,IT Support,MA,2472,04-02-1981,Female,Separated,US Citizen,01-05-2015,,N/A-StillEmployed,Active,4,cloud computing,3000,IT/IS,Peter Monroe,7,Employee Referral,Fully Meets,4.61,4,1/28/2019,0,11,Permanent,4
"Good, Susan",10237,3,5,3,66825,0,20,Production Technician II,MA,1886,05-06-1986,Female,Married,US Citizen,05-12-2014,,N/A-StillEmployed,Active,2,Manufacturing,2500,Production       ,David Stanley,14,LinkedIn,Fully Meets,4.6,3,02-07-2019,0,20,Permanent,1
"Gordon, David",10051,1,5,3,48285,0,19,Production Technician I,MA,2169,05-01-1979,Male ,Married,US Citizen,07-02-2012,,N/A-StillEmployed,Active,3,Equipment knowledge,1500,Production       ,David Stanley,14,LinkedIn,Fully Meets,5,3,1/14/2019,0,2,Permanent,2
"Gosciminski, Phylicia  ",10218,3,5,3,66149,0,20,Production Technician II,MA,1824,12-08-1983,Female,Separated,US Citizen,9-30-2013,,N/A-StillEmployed,Active,2,Manufacturing,2500,Production       ,Kissy Sullivan,20,Google Search,Fully Meets,4.4,5,2/21/2019,0,1,contractor,3
"Goyal, Roxana",10256,3,5,3,49256,0,19,Production Technician I,MA,1864,10-09-1974,Female,Married,US Citizen,8-19-2013,,N/A-StillEmployed,Active,3,Equipment knowledge,1500,Production       ,Kissy Sullivan,20,LinkedIn,Fully Meets,4.1,5,2/15/2019,0,3,contractor,4
"Gray, Elijiah  ",10098,1,5,3,62957,0,18,Production Manager,MA,1752,07-11-1981,Male ,Divorced,US Citizen,06-02-2015,,N/A-StillEmployed,Active,3,Equipment knowledge,1500,Production       ,Janet King,2,Employee Referral,Fully Meets,4.63,3,01-04-2019,0,2,contractor,2
"Gross, Paula",10059,5,5,3,63813,1,19,Production Technician I,MA,2176,05-01-1983,Female,Divorced,US Citizen,2-21-2011,01-11-2014,more money,Voluntarily Terminated,2,Manufacturing,2500,Production       ,Kelley Spirea,18,CareerBuilder,Fully Meets,5,5,06-03-2013,0,17,Permanent,3
"Gruber, Hans",10234,1,3,3,99020,0,4,BI Developer,MA,2134,06-08-1989,Male ,Married,US Citizen,4-20-2017,,N/A-StillEmployed,Active,4,cloud computing,3000,IT/IS,Brian Champaigne,13,Indeed,Fully Meets,4.2,5,1/28/2019,0,8,Permanent,3
"Guilianno, Mike",10109,5,6,3,71707,1,3,Area Sales Manager,TN,37129,02-09-1969,Male ,Single,US Citizen,03-07-2012,10/31/2014,relocation out of area,Voluntarily Terminated,4,customer relationship,2500,Sales,John Smith,17,LinkedIn,Fully Meets,4.5,5,02-01-2013,0,20,Permanent,2
"Handschiegl, Joanne",10125,1,5,3,54828,0,19,Production Technician I,MA,2127,03-10-1977,Female,Married,US Citizen,11-28-2011,,N/A-StillEmployed,Active,3,Equipment knowledge,1500,Production       ,Michael Albert,22,Google Search,Fully Meets,4.2,4,2/22/2019,0,13,Permanent,1
"Hankard, Earnest",10074,1,5,3,64246,0,20,Production Technician II,MA,2155,08-10-1988,Male ,Single,US Citizen,11-11-2013,,N/A-StillEmployed,Active,3,Equipment knowledge,1500,Production       ,Kelley Spirea,18,LinkedIn,Fully Meets,5,3,01-08-2019,0,20,Permanent,3
"Harrington, Christie ",10097,5,5,3,52177,1,19,Production Technician I,MA,2324,08-07-1952,Female,Single,US Citizen,01-09-2012,12/15/2015,retiring,Voluntarily Terminated,3,Equipment knowledge,1500,Production       ,Webster Butler,39,CareerBuilder,Fully Meets,4.64,4,05-02-2015,0,8,contractor,2
"Harrison, Kara",10007,1,5,4,62065,0,19,Production Technician I,MA,1886,05-02-1974,Female,Married,US Citizen,05-12-2014,,N/A-StillEmployed,Active,2,Manufacturing,2500,Production       ,Amy Dunn,11,CareerBuilder,Exceeds,4.76,4,2/15/2019,0,5,contractor,2
"Heitzman, Anthony",10129,1,5,3,46998,0,19,Production Technician I,MA,2149,01-04-1984,Male ,Single,US Citizen,8-13-2012,,N/A-StillEmployed,Active,3,Equipment knowledge,1500,Production       ,Ketsia Liebig,19,Google Search,Fully Meets,4.17,4,02-11-2019,0,1,contractor,3
"Hendrickson, Trina",10075,5,5,3,68099,1,20,Production Technician II,MA,2021,08-09-1972,Female,Single,US Citizen,01-10-2011,6/18/2013,hours,Voluntarily Terminated,2,Manufacturing,2500,Production       ,Kelley Spirea,18,CareerBuilder,Fully Meets,5,3,1/30/2013,0,15,Permanent,3
"Hitchcock, Alfred",10167,1,6,3,70545,0,3,Area Sales Manager,NH,3062,09-03-1988,Male ,Married,US Citizen,8-18-2014,,N/A-StillEmployed,Active,4,customer relationship,2500,Sales,John Smith,17,Indeed,Fully Meets,3.6,5,1/30/2019,0,9,contractor,2
"Homberger, Adrienne  J",10195,5,5,3,63478,1,20,Production Technician II,MA,2445,02-02-1984,Female,Married,Non-Citizen,08-01-2011,04-07-2012,relocation out of area,Voluntarily Terminated,2,Manufacturing,2500,Production       ,Michael Albert,30,Indeed,Fully Meets,3.03,5,03-05-2012,0,16,Permanent,1
"Horton, Jayne",10112,1,3,3,97999,0,8,Database Administrator,MA,2493,02-01-1984,Female,Single,US Citizen,3-30-2015,,N/A-StillEmployed,Active,4,cloud computing,3000,IT/IS,Simon Roup,4,Indeed,Fully Meets,4.48,5,01-03-2019,0,4,Permanent,3
"Houlihan, Debra",10272,1,6,3,180000,0,11,Director of Sales,RI,2908,03-06-1966,Female,Married,US Citizen,05-05-2014,,N/A-StillEmployed,Active,4,customer relationship,2500,Sales,Janet King,2,LinkedIn,Fully Meets,4.5,4,1/21/2019,0,19,contractor,4
"Howard, Estelle",10182,1,1,3,49920,1,2,Administrative Assistant,MA,2170,09-02-1985,Female,Married,US Citizen,02-02-2015,4/15/2015,"no-call, no-show",Terminated for Cause,1,CAA,5000,Admin Offices,Brandon R. LeBlanc,1,Indeed,Fully Meets,3.24,3,4/15/2015,0,6,contractor,1
"Hudson, Jane",10248,1,5,3,55425,0,19,Production Technician I,MA,2176,06-10-1986,Female,Single,US Citizen,2-20-2012,,N/A-StillEmployed,Active,3,Equipment knowledge,1500,Production       ,Ketsia Liebig,19,LinkedIn,Fully Meets,4.8,4,01-07-2019,0,4,contractor,2
"Hunts, Julissa",10201,2,5,3,69340,0,20,Production Technician II,MA,2021,03-11-1984,Female,Single,US Citizen,06-06-2016,,N/A-StillEmployed,Active,3,Equipment knowledge,1500,Production       ,Elijiah Gray,16,LinkedIn,Fully Meets,3,5,1/18/2019,0,4,contractor,3
"Hutter, Rosalie",10214,2,5,3,64995,0,20,Production Technician II,MA,2351,05-07-1992,Female,Separated,US Citizen,06-05-2015,,N/A-StillEmployed,Active,3,Equipment knowledge,1500,Production       ,Webster Butler,,Indeed,Fully Meets,4.5,3,2/14/2019,0,6,Permanent,2
"Huynh, Ming",10160,5,5,3,68182,1,20,Production Technician II,MA,1742,09-02-1976,Female,Divorced,US Citizen,2-21-2011,04-01-2013,unhappy,Voluntarily Terminated,3,Equipment knowledge,1500,Production       ,Amy Dunn,11,Google Search,Fully Meets,3.72,3,02-01-2013,0,18,Permanent,3
"Immediato, Walter",10289,5,5,2,83082,1,18,Production Manager,MA,2128,11-01-1976,Male ,Married,US Citizen,2-21-2011,9/24/2012,unhappy,Voluntarily Terminated,2,Manufacturing,2500,Production       ,Janet King,2,Indeed,Needs Improvement,2.34,2,04-12-2012,3,4,Permanent,3
"Ivey, Rose ",10139,1,5,3,51908,0,19,Production Technician I,MA,1775,01-10-1991,Female,Single,US Citizen,08-09-2013,,N/A-StillEmployed,Active,3,Equipment knowledge,1500,Production       ,Brannon Miller,12,Indeed,Fully Meets,3.99,3,1/14/2019,0,14,Permanent,2
"Jackson, Maryellen",10227,1,5,3,61242,0,19,Production Technician I,MA,2081,09-11-1972,Female,Single,US Citizen,11-05-2012,,N/A-StillEmployed,Active,2,Manufacturing,2500,Production       ,David Stanley,14,LinkedIn,Fully Meets,4.1,3,1/17/2019,0,7,Permanent,1
"Jacobi, Hannah  ",10236,1,5,3,45069,0,19,Production Technician I,MA,1778,03-02-1966,Female,Divorced,US Citizen,9-30-2013,,N/A-StillEmployed,Active,3,Equipment knowledge,1500,Production       ,Kissy Sullivan,20,Employee Referral,Fully Meets,4.3,5,2/22/2019,0,7,Permanent,3
"Jeannite, Tayana",10009,1,5,4,60724,0,20,Production Technician II,MA,1821,11-06-1986,Female,Divorced,US Citizen,07-05-2011,,N/A-StillEmployed,Active,2,Manufacturing,2500,Production       ,Ketsia Liebig,19,LinkedIn,Exceeds,4.6,4,2/25/2019,0,11,contractor,4
"Jhaveri, Sneha  ",10060,1,5,3,60436,0,19,Production Technician I,MA,2109,04-12-1964,Female,Separated,US Citizen,01-06-2014,,N/A-StillEmployed,Active,2,Manufacturing,2500,Production       ,Kelley Spirea,18,LinkedIn,Fully Meets,5,5,1/21/2019,0,9,contractor,1
"Johnson, George",10034,5,5,4,46837,1,19,Production Technician I,MA,2445,08-09-1959,Male ,Married,US Citizen,11-07-2011,4/29/2018,more money,Voluntarily Terminated,3,Equipment knowledge,1500,Production       ,Michael Albert,22,CareerBuilder,Exceeds,4.7,4,2/14/2018,0,9,contractor,2
"Johnson, Noelle ",10156,3,3,3,105700,0,8,Database Administrator,MA,2301,11-07-1986,Female,Married,US Citizen,01-05-2015,,N/A-StillEmployed,Active,4,cloud computing,3000,IT/IS,Simon Roup,4,Indeed,Fully Meets,3.75,3,02-11-2019,0,2,Permanent,3
"Johnston, Yen",10036,1,5,4,63322,0,20,Production Technician II,MA,2128,09-08-1969,Female,Single,US Citizen,07-07-2014,,N/A-StillEmployed,Active,3,Equipment knowledge,1500,Production       ,Brannon Miller,12,LinkedIn,Exceeds,4.3,3,01-11-2019,0,1,Permanent,4
"Jung, Judy  ",10138,5,5,3,61154,1,19,Production Technician I,MA,2446,04-06-1986,Female,Married,US Citizen,01-10-2011,04-01-2016,unhappy,Voluntarily Terminated,3,Equipment knowledge,1500,Production       ,Elijiah Gray,16,CareerBuilder,Fully Meets,4,4,02-03-2016,0,4,Permanent,2
"Kampew, Donysha",10244,5,6,3,68999,1,21,Sales Manager,PA,19444,11-11-1989,Female,Single,US Citizen,11-07-2011,4/24/2014,maternity leave - did not return,Voluntarily Terminated,4,customer relationship,2500,Sales,Debra Houlihan,15,Google Search,Fully Meets,4.5,5,3/30/2013,0,2,Permanent,3
"Keatts, Kramer ",10192,1,5,3,50482,0,19,Production Technician I,MA,1887,01-09-1976,Male ,Single,US Citizen,9-30-2013,,N/A-StillEmployed,Active,3,Equipment knowledge,1500,Production       ,Michael Albert,22,Indeed,Fully Meets,3.07,4,1/23/2019,0,10,Permanent,3
"Khemmich, Bartholemew",10231,1,6,3,65310,0,3,Area Sales Manager,CO,80820,11-09-1979,Male ,Single,US Citizen,08-09-2013,,N/A-StillEmployed,Active,4,customer relationship,2500,Sales,Lynn Daneault,21,Indeed,Fully Meets,4.3,5,1/22/2019,0,13,Permanent,2
"Kinsella, Kathleen  ",10166,5,5,3,54005,1,19,Production Technician I,MA,2170,12-08-1973,Female,Married,US Citizen,9-26-2011,06-04-2015,more money,Voluntarily Terminated,3,Equipment knowledge,1500,Production       ,Webster Butler,39,Google Search,Fully Meets,3.6,5,03-01-2015,0,16,Permanent,3
"Kirill, Alexandra  ",10170,5,5,3,45433,1,19,Production Technician I,MA,2127,10-08-1970,Female,Married,US Citizen,9-26-2011,01-09-2014,more money,Voluntarily Terminated,2,Manufacturing,2500,Production       ,Amy Dunn,11,Google Search,Fully Meets,3.49,4,1/30/2013,0,6,Permanent,2
"Knapp, Bradley  J",10208,1,5,3,46654,0,19,Production Technician I,MA,1721,11-10-1977,Male ,Single,US Citizen,2-17-2014,,N/A-StillEmployed,Active,3,Equipment knowledge,1500,Production       ,Ketsia Liebig,19,LinkedIn,Fully Meets,3.1,3,02-06-2019,0,3,contractor,2
"Kretschmer, John",10176,1,5,3,63973,0,19,Production Technician I,MA,1801,02-02-1980,Male ,Married,US Citizen,01-10-2011,,N/A-StillEmployed,Active,3,Equipment knowledge,1500,Production       ,Brannon Miller,12,Indeed,Fully Meets,3.38,3,1/21/2019,0,17,contractor,3
"Kreuger, Freddy",10165,1,6,3,71339,0,3,Area Sales Manager,NY,10171,02-03-1969,Male ,Single,US Citizen,03-07-2011,,N/A-StillEmployed,Active,4,customer relationship,2500,Sales,John Smith,17,Diversity Job Fair,Fully Meets,3.65,5,1/17/2019,0,20,contractor,3
"Lajiri,  Jyoti",10113,3,3,3,93206,0,28,Sr. Network Engineer,MA,2169,04-10-1986,Male ,Married,US Citizen,11-10-2014,,N/A-StillEmployed,Active,4,cloud computing,3000,IT/IS,Peter Monroe,7,Employee Referral,Fully Meets,4.46,5,01-07-2019,0,7,Permanent,2
"Landa, Hans",10092,4,5,3,82758,1,18,Production Manager,MA,1890,07-01-1972,Male ,Married,US Citizen,01-10-2011,12-12-2015,attendance,Terminated for Cause,2,Manufacturing,2500,Production       ,Janet King,2,Employee Referral,Fully Meets,4.78,4,2/15/2015,0,9,Permanent,1
"Langford, Lindsey",10106,5,5,3,66074,1,20,Production Technician II,MA,2090,07-06-1979,Female,Divorced,US Citizen,01-07-2013,3/31/2014,Another position,Voluntarily Terminated,3,Equipment knowledge,1500,Production       ,David Stanley,14,Indeed,Fully Meets,4.52,3,2/20/2014,0,20,Permanent,3
"Langton, Enrico",10052,1,5,3,46120,0,19,Production Technician I,MA,2048,12-09-1986,Male ,Married,US Citizen,07-09-2012,,N/A-StillEmployed,Active,3,Equipment knowledge,1500,Production       ,David Stanley,14,LinkedIn,Fully Meets,5,5,02-04-2019,0,13,Permanent,4
"LaRotonda, William  ",10038,1,1,3,64520,0,1,Accountant I,MA,1460,04-12-1984,Male ,Divorced,US Citizen,01-06-2014,,N/A-StillEmployed,Active,1,CAA,5000,Admin Offices,Brandon R. LeBlanc,1,Website,Fully Meets,5,4,1/17/2019,0,3,Permanent,1
"Latif, Mohammed",10249,5,5,3,61962,1,20,Production Technician II,MA,2126,05-09-1984,Male ,Married,US Citizen,04-02-2012,4/15/2013,more money,Voluntarily Terminated,3,Equipment knowledge,1500,Production       ,Kissy Sullivan,20,Google Search,Fully Meets,4.9,3,2/20/2013,0,20,contractor,2
"Le, Binh",10232,1,3,3,81584,0,22,Senior BI Developer,MA,1886,06-03-1987,Female,Single,US Citizen,10-02-2016,,N/A-StillEmployed,Active,4,cloud computing,3000,IT/IS,Brian Champaigne,13,Indeed,Fully Meets,4.1,5,01-08-2019,0,2,contractor,3
"Leach, Dallas",10087,5,5,3,63676,1,19,Production Technician I,MA,1810,01-06-1979,Female,Single,US Citizen,09-12-2011,8/19/2018,return to school,Voluntarily Terminated,3,Equipment knowledge,1500,Production       ,Kissy Sullivan,20,CareerBuilder,Fully Meets,4.88,3,07-02-2017,0,17,contractor,2
"LeBlanc, Brandon  R",10134,1,1,3,93046,0,23,Shared Services Manager,MA,1460,06-10-1984,Male ,Married,US Citizen,01-05-2016,,N/A-StillEmployed,Active,1,CAA,5000,Admin Offices,Janet King,2,CareerBuilder,Fully Meets,4.1,4,1/28/2019,0,20,Permanent,3
"Lecter, Hannibal",10251,1,5,3,64738,0,19,Production Technician I,MA,1776,09-02-1982,Male ,Married,US Citizen,05-03-2012,,N/A-StillEmployed,Active,3,Equipment knowledge,1500,Production       ,Elijiah Gray,16,Google Search,Fully Meets,4.1,3,2/22/2019,0,10,contractor,3
"Leruth, Giovanni",10103,1,6,3,70468,0,3,Area Sales Manager,UT,84111,12-09-1988,Male ,Separated,US Citizen,4-30-2012,,N/A-StillEmployed,Active,4,customer relationship,2500,Sales,John Smith,17,Website,Fully Meets,4.53,3,1/29/2019,0,16,Permanent,2
"Liebig, Ketsia",10017,1,5,4,77915,0,18,Production Manager,MA,2110,10-12-1981,Female,Married,US Citizen,9-30-2013,,N/A-StillEmployed,Active,2,Manufacturing,2500,Production       ,Janet King,2,Website,Exceeds,4.1,3,1/21/2019,0,11,Permanent,1
"Linares, Marilyn ",10186,5,5,3,52624,1,19,Production Technician I,MA,1886,03-12-1981,Female,Married,US Citizen,07-05-2011,9/26/2018,unhappy,Voluntarily Terminated,3,Equipment knowledge,1500,Production       ,Michael Albert,22,Indeed,Fully Meets,3.18,4,03-02-2018,0,16,contractor,3
"Linden, Mathew",10137,3,5,3,63450,0,20,Production Technician II,MA,1770,03-09-1979,Male ,Married,US Citizen,07-08-2013,,N/A-StillEmployed,Active,2,Manufacturing,2500,Production       ,Kelley Spirea,18,LinkedIn,Fully Meets,4,3,2/18/2019,0,7,contractor,4
"Lindsay, Leonara ",10008,1,3,4,51777,0,14,IT Support,CT,6070,10-05-1988,Female,Single,US Citizen,1-21-2011,,N/A-StillEmployed,Active,4,python ,2000,IT/IS,Eric Dougall,6,Diversity Job Fair,Exceeds,4.64,4,1/25/2019,0,14,contractor,1
"Lundy, Susan",10096,5,5,3,67237,1,20,Production Technician II,MA,2122,12-12-1976,Female,Widowed,US Citizen,07-08-2013,9/15/2016,more money,Voluntarily Terminated,3,Equipment knowledge,1500,Production       ,Michael Albert,22,LinkedIn,Fully Meets,4.65,4,06-10-2016,0,15,contractor,2
"Lunquist, Lisa",10035,1,5,4,73330,0,20,Production Technician II,MA,2324,03-10-1982,Female,Single,US Citizen,08-09-2013,,N/A-StillEmployed,Active,2,Manufacturing,2500,Production       ,Elijiah Gray,16,Indeed,Exceeds,4.2,4,02-12-2019,0,19,Permanent,3
"Lydon, Allison",10057,3,5,3,52057,0,19,Production Technician I,MA,2122,10-02-1975,Female,Married,US Citizen,02-02-2015,,N/A-StillEmployed,Active,3,Equipment knowledge,1500,Production       ,Elijiah Gray,16,Website,Fully Meets,5,3,1/23/2019,0,6,Permanent,4
"Lynch, Lindsay",10004,5,5,4,47434,1,19,Production Technician I,MA,1844,02-03-1973,Female,Single,US Citizen,11-07-2011,11/14/2015,Another position,Voluntarily Terminated,2,Manufacturing,2500,Production       ,Webster Butler,39,Diversity Job Fair,Exceeds,5,4,02-02-2015,0,17,Permanent,2
"MacLennan, Samuel",10191,5,5,3,52788,1,19,Production Technician I,MA,1938,11-09-1972,Male ,Widowed,US Citizen,9-24-2012,9/26/2017,hours,Voluntarily Terminated,3,Equipment knowledge,1500,Production       ,Amy Dunn,11,Indeed,Fully Meets,3.08,4,04-01-2017,0,18,Permanent,3
"Mahoney, Lauren  ",10219,1,5,3,45395,0,19,Production Technician I,MA,2189,07-07-1986,Female,Single,US Citizen,01-06-2014,,N/A-StillEmployed,Active,2,Manufacturing,2500,Production       ,Ketsia Liebig,19,LinkedIn,Fully Meets,4.6,4,2/26/2019,0,14,Permanent,3
"Manchester, Robyn",10077,2,5,3,62385,0,20,Production Technician II,MA,2324,08-06-1976,Female,Married,US Citizen,05-11-2016,,N/A-StillEmployed,Active,3,Equipment knowledge,1500,Production       ,Webster Butler,,LinkedIn,Fully Meets,5,3,1/21/2019,0,4,Permanent,2
"Mancuso, Karen",10073,5,5,3,68407,1,20,Production Technician II,MA,2176,12-10-1986,Female,Married,US Citizen,07-05-2011,8/19/2012,Another position,Voluntarily Terminated,3,Equipment knowledge,1500,Production       ,Amy Dunn,11,LinkedIn,Fully Meets,5,4,07-02-2012,0,16,contractor,1
"Mangal, Debbie",10279,1,5,3,61349,0,19,Production Technician I,MA,2451,11-07-1974,Female,Married,US Citizen,11-11-2013,,N/A-StillEmployed,Active,2,Manufacturing,2500,Production       ,Brannon Miller,12,LinkedIn,Fully Meets,4.1,3,1/22/2019,0,11,contractor,3
"Martin, Sandra",10110,1,4,3,105688,0,24,Software Engineer,MA,2135,11-07-1987,Female,Single,US Citizen,11-11-2013,,N/A-StillEmployed,Active,3,Bigdata,2500,Software Engineering,Alex Sweetwater,10,Google Search,Fully Meets,4.5,5,1/14/2019,0,14,contractor,2
"Maurice, Shana",10053,1,5,3,54132,0,19,Production Technician I,MA,2330,11-02-1977,Female,Married,US Citizen,5-31-2011,,N/A-StillEmployed,Active,2,Manufacturing,2500,Production       ,David Stanley,14,Indeed,Fully Meets,5,4,01-10-2019,0,8,Permanent,2
"Carthy, B'rigit",10076,1,5,3,55315,0,20,Production Technician II,MA,2149,05-01-1987,Female,Single,US Citizen,3-30-2015,,N/A-StillEmployed,Active,3,Equipment knowledge,1500,Production       ,Ketsia Liebig,19,LinkedIn,Fully Meets,5,5,02-07-2019,0,16,Permanent,3
"Mckenna, Sandy",10145,1,5,3,62810,0,19,Production Technician I,MA,2184,01-07-1987,Female,Married,US Citizen,01-07-2013,,N/A-StillEmployed,Active,2,Manufacturing,2500,Production       ,Kissy Sullivan,20,CareerBuilder,Fully Meets,3.93,3,1/30/2019,0,20,Permanent,3
"McKinzie, Jac",10202,2,6,3,63291,0,3,Area Sales Manager,TX,78789,07-01-1984,Male ,Married,US Citizen,07-06-2016,,N/A-StillEmployed,Active,4,customer relationship,2500,Sales,Lynn Daneault,21,Website,Fully Meets,3.4,4,1/29/2019,0,7,Permanent,2
"Meads, Elizabeth",10128,5,5,3,62659,1,19,Production Technician I,MA,1760,05-08-1968,Female,Single,US Citizen,04-02-2012,11-11-2016,Another position,Voluntarily Terminated,2,Manufacturing,2500,Production       ,Kelley Spirea,18,Diversity Job Fair,Fully Meets,4.18,4,02-05-2016,0,17,Permanent,1
"Medeiros, Jennifer",10068,1,5,3,55688,0,19,Production Technician I,MA,2346,09-02-1976,Female,Single,US Citizen,3-30-2015,,N/A-StillEmployed,Active,3,Equipment knowledge,1500,Production       ,Michael Albert,22,CareerBuilder,Fully Meets,5,4,1/21/2019,0,10,Permanent,3
"Miller, Brannon",10116,1,5,3,83667,0,18,Production Manager,MA,2045,08-10-1981,Male ,Single,US Citizen,8-16-2012,,N/A-StillEmployed,Active,2,Manufacturing,2500,Production       ,Janet King,2,Indeed,Fully Meets,4.37,3,1/14/2019,0,2,Permanent,4
"Miller, Ned",10298,5,5,1,55800,1,20,Production Technician II,MA,2472,06-03-1985,Male ,Single,US Citizen,08-01-2011,09-04-2014,unhappy,Voluntarily Terminated,3,Equipment knowledge,1500,Production       ,Brannon Miller,12,LinkedIn,PIP,3,2,1/14/2013,6,6,Permanent,1
"Monkfish, Erasumus",10213,1,5,3,58207,0,20,Production Technician II,MA,1450,08-06-1992,Male ,Married,US Citizen,11-07-2011,,N/A-StillEmployed,Active,2,Manufacturing,2500,Production       ,David Stanley,14,LinkedIn,Fully Meets,3.7,3,01-08-2019,0,14,Permanent,2
"Monroe, Peter",10288,1,3,2,157000,0,13,IT Manager - Infra,MA,2134,10-05-1986,Male ,Married,Eligible NonCitizen,2-15-2012,,N/A-StillEmployed,Active,4,python ,2000,IT/IS,Jennifer Zamora,5,Diversity Job Fair,Needs Improvement,2.39,3,2/22/2019,4,13,contractor,3
"Monterro, Luisa",10025,1,5,4,72460,0,20,Production Technician II,MA,2126,04-03-1970,Female,Single,US Citizen,5-13-2013,,N/A-StillEmployed,Active,2,Manufacturing,2500,Production       ,Kissy Sullivan,20,Indeed,Exceeds,4.7,3,1/14/2019,0,1,contractor,2
"Moran, Patrick",10223,3,5,3,72106,0,20,Production Technician II,MA,2127,12-03-1976,Male ,Single,US Citizen,01-09-2012,,N/A-StillEmployed,Active,3,Equipment knowledge,1500,Production       ,Kelley Spirea,18,Diversity Job Fair,Fully Meets,4.1,4,1/31/2019,0,12,contractor,3
"Morway, Tanya",10151,1,3,3,52599,0,15,Network Engineer,MA,2048,04-04-1979,Female,Married,US Citizen,2-16-2015,,N/A-StillEmployed,Active,4,python ,2000,IT/IS,Peter Monroe,7,CareerBuilder,Fully Meets,3.81,3,02-11-2019,0,6,Permanent,3
"Motlagh,  Dawn",10254,1,5,3,63430,0,19,Production Technician I,MA,2453,07-07-1984,Female,Divorced,US Citizen,04-01-2013,,N/A-StillEmployed,Active,2,Manufacturing,2500,Production       ,Elijiah Gray,16,LinkedIn,Fully Meets,4.4,4,1/17/2019,0,18,Permanent,2
"Moumanil, Maliki ",10120,1,5,3,74417,0,20,Production Technician II,MA,1460,12-01-1974,Male ,Separated,US Citizen,5-13-2013,,N/A-StillEmployed,Active,3,Equipment knowledge,1500,Production       ,Michael Albert,22,LinkedIn,Fully Meets,4.29,5,1/28/2019,0,11,Permanent,1
"Myers, Michael",10216,1,5,3,57575,0,19,Production Technician I,MA,1550,04-07-1980,Male ,Single,US Citizen,07-08-2013,,N/A-StillEmployed,Active,2,Manufacturing,2500,Production       ,Kissy Sullivan,20,LinkedIn,Fully Meets,4.1,4,1/22/2019,0,13,Permanent,3
"Navathe, Kurt",10079,1,3,3,87921,0,22,Senior BI Developer,MA,2056,04-06-1970,Male ,Single,US Citizen,02-10-2017,,N/A-StillEmployed,Active,4,python ,2000,IT/IS,Brian Champaigne,13,Indeed,Fully Meets,5,3,2/25/2019,0,17,Permanent,4
"Ndzi, Colombui",10215,5,5,3,50470,1,19,Production Technician I,MA,2110,05-02-1989,Male ,Single,US Citizen,9-26-2011,04-04-2014,return to school,Voluntarily Terminated,2,Manufacturing,2500,Production       ,Webster Butler,39,Diversity Job Fair,Fully Meets,4.3,3,03-02-2013,0,19,contractor,1
"Ndzi, Horia",10185,5,5,3,46664,1,19,Production Technician I,MA,2421,03-10-1983,Male ,Married,US Citizen,04-01-2013,5/25/2016,more money,Voluntarily Terminated,2,Manufacturing,2500,Production       ,Amy Dunn,11,Employee Referral,Fully Meets,3.18,3,03-06-2016,0,10,contractor,2
"Newman, Richard ",10063,3,5,3,48495,0,19,Production Technician I,MA,2136,04-08-1977,Male ,Married,US Citizen,05-12-2014,,N/A-StillEmployed,Active,3,Equipment knowledge,1500,Production       ,Ketsia Liebig,19,LinkedIn,Fully Meets,5,5,2/18/2019,0,11,contractor,3
"Ngodup, Shari ",10037,1,5,4,52984,0,19,Production Technician I,MA,1810,06-03-1967,Female,Separated,US Citizen,04-01-2013,,N/A-StillEmployed,Active,2,Manufacturing,2500,Production       ,Brannon Miller,12,Diversity Job Fair,Exceeds,4,3,2/13/2019,0,12,Permanent,4
"Nguyen, Dheepa",10042,1,6,3,63695,0,3,Area Sales Manager,GA,30428,03-11-1989,Female,Single,US Citizen,07-08-2013,,N/A-StillEmployed,Active,4,customer relationship,2500,Sales,Lynn Daneault,21,Indeed,Fully Meets,5,5,1/25/2019,0,2,contractor,2
"Nguyen, Lei-Ming",10206,1,5,3,62061,0,19,Production Technician I,MA,2132,07-07-1984,Female,Single,US Citizen,07-08-2013,,N/A-StillEmployed,Active,2,Manufacturing,2500,Production       ,David Stanley,14,LinkedIn,Fully Meets,3.6,5,01-02-2019,0,4,Permanent,3
"Nowlan, Kristie",10104,1,5,3,66738,0,20,Production Technician II,MA,1040,11-10-1985,Female,Single,US Citizen,11-10-2014,,N/A-StillEmployed,Active,3,Equipment knowledge,1500,Production       ,Elijiah Gray,16,Indeed,Fully Meets,4.53,5,1/16/2019,0,5,Permanent,3
"O'hare, Lynn",10303,4,5,1,52674,1,19,Production Technician I,MA,2152,09-08-1980,Female,Single,US Citizen,3-31-2014,05-01-2018,performance,Terminated for Cause,3,Equipment knowledge,1500,Production       ,Kissy Sullivan,20,LinkedIn,PIP,2.33,2,03-09-2018,6,3,contractor,2
"Oliver, Brooke ",10078,5,5,3,71966,1,20,Production Technician II,MA,2492,02-11-1952,Female,Married,US Citizen,5-14-2012,8/19/2013,unhappy,Voluntarily Terminated,3,Equipment knowledge,1500,Production       ,Webster Butler,39,LinkedIn,Fully Meets,5,3,07-02-2013,0,17,contractor,1
"Onque, Jasmine",10121,1,6,3,63051,0,3,Area Sales Manager,FL,33174,05-11-1990,Female,Single,US Citizen,9-30-2013,,N/A-StillEmployed,Active,4,customer relationship,2500,Sales,Lynn Daneault,21,Indeed,Fully Meets,4.28,3,1/25/2019,0,1,contractor,3
"Osturnka, Adeel",10021,1,5,4,47414,0,19,Production Technician I,MA,2478,12-11-1976,Male ,Married,US Citizen,9-30-2013,,N/A-StillEmployed,Active,3,Equipment knowledge,1500,Production       ,Kelley Spirea,18,LinkedIn,Exceeds,5,3,02-07-2019,0,13,contractor,2
"Owad, Clinton",10281,1,5,2,53060,0,19,Production Technician I,MA,1760,11-03-1979,Male ,Single,US Citizen,2-17-2014,,N/A-StillEmployed,Active,3,Equipment knowledge,1500,Production       ,Michael Albert,22,LinkedIn,Needs Improvement,4.25,3,02-04-2019,4,6,Permanent,2
"Ozark, Travis",10041,1,6,3,68829,0,3,Area Sales Manager,NC,27229,05-09-1982,Male ,Single,US Citizen,01-05-2015,,N/A-StillEmployed,Active,4,customer relationship,2500,Sales,John Smith,17,Website,Fully Meets,5,5,1/14/2019,0,18,Permanent,3
"Panjwani, Nina",10148,5,5,3,63515,1,19,Production Technician I,MA,2351,05-01-1979,Female,Married,US Citizen,02-07-2011,01-12-2014,Another position,Voluntarily Terminated,3,Equipment knowledge,1500,Production       ,Elijiah Gray,16,Google Search,Fully Meets,3.89,4,03-04-2013,0,7,Permanent,3
"Patronick, Lucas",10005,5,4,4,108987,1,24,Software Engineer,MA,1844,02-10-1979,Male ,Single,US Citizen,11-07-2011,09-07-2015,Another position,Voluntarily Terminated,3,Bigdata,2500,Software Engineering,Alex Sweetwater,10,Diversity Job Fair,Exceeds,5,5,8/16/2015,0,13,Permanent,2
"Pearson, Randall",10259,5,3,3,93093,1,9,Data Analyst,MA,2747,09-05-1984,Male ,Married,US Citizen,12-01-2014,05-01-2016,performance,Voluntarily Terminated,4,python ,2000,IT/IS,Simon Roup,4,Employee Referral,Fully Meets,4.7,4,1/16/2016,0,19,Permanent,1
"Smith, Martin",10286,5,5,2,53564,1,19,Production Technician I,MA,2458,03-06-1988,Male ,Single,US Citizen,01-10-2011,12/28/2017,career change,Voluntarily Terminated,3,Equipment knowledge,1500,Production       ,Webster Butler,39,Google Search,Needs Improvement,3.54,5,04-06-2017,4,15,Permanent,3
"Pelletier, Ermine",10297,5,5,2,60270,1,20,Production Technician II,MA,2472,07-07-1989,Female,Married,US Citizen,07-05-2011,9/15/2015,unhappy,Voluntarily Terminated,3,Equipment knowledge,1500,Production       ,Amy Dunn,11,CareerBuilder,Needs Improvement,2.4,5,02-06-2015,5,2,contractor,4
"Perry, Shakira",10171,5,5,3,45998,1,19,Production Technician I,MA,2176,07-10-1986,Female,Single,US Citizen,05-02-2011,10/25/2015,medical issues,Voluntarily Terminated,2,Manufacturing,2500,Production       ,Amy Dunn,11,LinkedIn,Fully Meets,3.45,4,5/13/2014,0,5,contractor,1
"Peters, Lauren",10032,5,5,4,57954,1,20,Production Technician II,MA,1886,08-06-1986,Female,Married,US Citizen,05-02-2011,02-04-2013,more money,Voluntarily Terminated,3,Equipment knowledge,1500,Production       ,Ketsia Liebig,19,Indeed,Exceeds,4.2,5,01-10-2013,0,12,contractor,2
"Peterson, Ebonee  ",10130,5,5,3,74669,1,18,Production Manager,MA,2030,05-09-1977,Female,Married,US Citizen,10-25-2010,5/18/2016,Another position,Voluntarily Terminated,2,Manufacturing,2500,Production       ,Janet King,2,Indeed,Fully Meets,4.16,5,03-05-2015,0,6,Permanent,3
"Petingill, Shana  ",10217,1,5,3,74226,0,20,Production Technician II,MA,2050,03-10-1979,Female,Married,Eligible NonCitizen,04-02-2012,,N/A-StillEmployed,Active,3,Equipment knowledge,1500,Production       ,Brannon Miller,12,LinkedIn,Fully Meets,4.3,3,1/14/2019,0,14,Permanent,2
"Petrowsky, Thelma",10016,1,3,4,93554,0,9,Data Analyst,MA,1886,09-02-1984,Female,Married,US Citizen,11-10-2014,,N/A-StillEmployed,Active,4,SQL,1000,IT/IS,Simon Roup,4,Employee Referral,Exceeds,4.6,5,01-04-2019,0,16,Permanent,3
"Pham, Hong",10050,5,5,3,64724,1,19,Production Technician I,MA,2451,03-06-1988,Male ,Married,US Citizen,07-05-2011,11/30/2012,more money,Voluntarily Terminated,3,Equipment knowledge,1500,Production       ,Brannon Miller,12,Google Search,Fully Meets,5,3,2/20/2012,0,13,Permanent,3
"Pitt, Brad ",10164,1,5,3,47001,0,19,Production Technician I,MA,2451,11-10-1981,Male ,Single,US Citizen,11-05-2007,,N/A-StillEmployed,Active,3,Equipment knowledge,1500,Production       ,David Stanley,14,Google Search,Fully Meets,3.66,3,2/25/2019,0,15,Permanent,2
"Potts, Xana",10124,1,6,3,61844,0,3,Area Sales Manager,KY,40220,08-02-1988,Female,Married,US Citizen,01-09-2012,,N/A-StillEmployed,Active,4,customer relationship,2500,Sales,Lynn Daneault,21,Website,Fully Meets,4.2,5,02-01-2019,0,9,Permanent,1
"Power, Morissa",10187,5,5,3,46799,1,19,Production Technician I,MA,1742,10-01-1984,Female,Divorced,Eligible NonCitizen,05-02-2011,06-04-2018,Another position,Voluntarily Terminated,2,Manufacturing,2500,Production       ,Kissy Sullivan,20,Google Search,Fully Meets,3.17,4,04-02-2018,0,14,Permanent,3
"Punjabhi, Louis  ",10225,1,5,3,59472,0,19,Production Technician I,MA,2109,06-09-1961,Male ,Single,US Citizen,01-06-2014,,N/A-StillEmployed,Active,3,Equipment knowledge,1500,Production       ,Kelley Spirea,18,Employee Referral,Fully Meets,4.8,3,01-07-2019,0,14,Permanent,4
"Purinton, Janine",10262,5,5,3,46430,1,19,Production Technician I,MA,2474,09-02-1970,Female,Divorced,US Citizen,9-24-2012,6/18/2013,unhappy,Voluntarily Terminated,3,Equipment knowledge,1500,Production       ,Kissy Sullivan,20,Indeed,Fully Meets,4.5,5,04-02-2013,0,16,Permanent,1
"Quinn, Sean",10131,5,1,3,83363,1,23,Software Engineer,MA,2045,11-06-1984,Male ,Married,Eligible NonCitizen,2-21-2011,8/15/2015,career change,Voluntarily Terminated,3,Bigdata,2500,Software Engineering,Janet King,2,Diversity Job Fair,Fully Meets,4.15,4,4/19/2014,0,4,contractor,2
"Rachael, Maggie",10239,1,3,3,95920,0,4,BI Developer,MA,2110,05-12-1980,Female,Married,US Citizen,10-02-2016,,N/A-StillEmployed,Active,4,SQL,1000,IT/IS,Brian Champaigne,13,Indeed,Fully Meets,4.4,4,02-06-2019,0,10,contractor,3
"Rarrick, Quinn",10152,5,5,3,61729,1,19,Production Technician I,MA,2478,12-11-1984,Male ,Divorced,US Citizen,09-12-2011,04-07-2018,more money,Voluntarily Terminated,3,Equipment knowledge,1500,Production       ,Michael Albert,22,Indeed,Fully Meets,3.8,5,02-04-2018,0,19,contractor,4
"Ren, Kylo",10140,1,6,3,61809,0,3,Area Sales Manager,ID,83706,10-12-1954,Male ,Married,US Citizen,05-12-2014,,N/A-StillEmployed,Active,4,customer relationship,2500,Sales,John Smith,17,CareerBuilder,Fully Meets,3.98,3,1/28/2019,0,4,Permanent,2
"Rhoads, Thomas",10058,5,5,3,45115,1,19,Production Technician I,MA,2176,07-02-1982,Male ,Divorced,US Citizen,05-02-2011,1/15/2016,retiring,Voluntarily Terminated,3,Equipment knowledge,1500,Production       ,Elijiah Gray,16,LinkedIn,Fully Meets,5,4,3/30/2015,0,11,Permanent,3
"Rivera, Haley  ",10011,1,5,4,46738,0,19,Production Technician I,MA,2171,01-12-1973,Female,Married,US Citizen,11-28-2011,,N/A-StillEmployed,Active,3,Equipment knowledge,1500,Production       ,Webster Butler,,Google Search,Exceeds,4.36,5,02-11-2019,0,16,Permanent,3
"Roberson, May",10230,5,5,3,64971,1,20,Production Technician II,MA,1902,09-05-1981,Female,Divorced,Eligible NonCitizen,9-26-2011,10/22/2011,return to school,Voluntarily Terminated,2,Manufacturing,2500,Production       ,David Stanley,14,Google Search,Fully Meets,4.5,4,10/22/2011,0,10,Permanent,2
"Robertson, Peter",10224,5,5,3,55578,1,20,Production Technician II,MA,2138,07-03-1972,Male ,Married,US Citizen,07-05-2011,02-08-2012,Another position,Voluntarily Terminated,3,Equipment knowledge,1500,Production       ,Kissy Sullivan,20,Indeed,Fully Meets,4.2,5,01-06-2012,0,13,Permanent,1
"Robinson, Alain  ",10047,5,5,3,50428,1,19,Production Technician I,MA,1420,01-07-1974,Male ,Married,US Citizen,01-10-2011,1/26/2016,attendance,Voluntarily Terminated,2,Manufacturing,2500,Production       ,Amy Dunn,11,Indeed,Fully Meets,5,3,01-10-2015,0,11,contractor,3
"Robinson, Cherly",10285,4,5,2,61422,1,19,Production Technician I,MA,1460,01-07-1985,Female,Married,US Citizen,01-10-2011,5/17/2016,attendance,Terminated for Cause,3,Equipment knowledge,1500,Production       ,Ketsia Liebig,19,Indeed,Needs Improvement,3.6,3,04-05-2016,4,16,contractor,2
"Robinson, Elias",10020,1,5,4,63353,0,19,Production Technician I,MA,1730,01-10-1985,Male ,Widowed,US Citizen,07-08-2013,,N/A-StillEmployed,Active,2,Manufacturing,2500,Production       ,Brannon Miller,12,Employee Referral,Exceeds,3.6,5,02-11-2019,0,4,contractor,2
"Roby, Lori ",10162,1,3,3,89883,0,9,Data Analyst,MA,1886,10-11-1981,Female,Married,US Citizen,2-16-2015,,N/A-StillEmployed,Active,4,SQL,1000,IT/IS,Simon Roup,4,Employee Referral,Fully Meets,3.69,5,2/14/2019,0,15,Permanent,3
"Roehrich, Bianca",10149,5,3,3,120000,1,29,Principal Data Architect,MA,2703,05-09-1973,Female,Single,US Citizen,01-05-2015,11-10-2018,Another position,Voluntarily Terminated,4,SQL,1000,IT/IS,Simon Roup,4,LinkedIn,Fully Meets,3.88,3,2/13/2018,0,12,contractor,3
"Roper, Katie",10086,1,3,3,150290,0,7,Data Architect,MA,2056,11-01-1972,Female,Single,US Citizen,01-07-2017,,N/A-StillEmployed,Active,4,SQL,1000,IT/IS,Brian Champaigne,13,Indeed,Fully Meets,4.94,3,02-06-2019,0,17,Permanent,2
"Rose, Ashley  ",10054,1,5,3,60627,0,19,Production Technician I,MA,1886,12-05-1974,Female,Separated,US Citizen,01-06-2014,,N/A-StillEmployed,Active,3,Equipment knowledge,1500,Production       ,David Stanley,14,Website,Fully Meets,5,4,1/31/2019,0,8,Permanent,1
"Rossetti, Bruno",10065,5,5,3,53180,1,19,Production Technician I,MA,2155,03-07-1987,Male ,Single,US Citizen,04-04-2011,8/13/2018,Another position,Voluntarily Terminated,3,Equipment knowledge,1500,Production       ,Kissy Sullivan,20,Google Search,Fully Meets,5,5,07-02-2018,0,4,contractor,3
"Roup,Simon",10198,1,3,3,140920,0,13,IT Manager - DB,MA,2481,04-05-1973,Male ,Single,US Citizen,1-20-2013,,N/A-StillEmployed,Active,4,SQL,1000,IT/IS,Jennifer Zamora,5,Indeed,Fully Meets,3.6,5,2/18/2019,0,13,contractor,4
"Ruiz, Ricardo",10222,5,3,3,148999,1,13,IT Manager - DB,MA,1915,01-04-1964,Male ,Divorced,US Citizen,01-09-2012,11-04-2015,hours,Voluntarily Terminated,4,SQL,1000,IT/IS,Jennifer Zamora,5,Diversity Job Fair,Fully Meets,4.3,4,01-04-2015,0,8,contractor,1
"Saada, Adell",10126,1,4,3,86214,0,24,Software Engineer,MA,2132,07-03-1986,Female,Married,US Citizen,11-05-2012,,N/A-StillEmployed,Active,3,Bigdata,2500,Software Engineering,Alex Sweetwater,10,Indeed,Fully Meets,4.2,3,2/13/2019,0,2,contractor,2
"Saar-Beckles, Melinda",10295,2,5,2,47750,0,19,Production Technician I,MA,1801,06-06-1968,Female,Single,US Citizen,07-04-2016,,N/A-StillEmployed,Active,3,Equipment knowledge,1500,Production       ,Kelley Spirea,18,Diversity Job Fair,Needs Improvement,2.6,4,2/18/2019,5,4,Permanent,3
"Sadki, Nore  ",10260,5,5,3,46428,1,19,Production Technician I,MA,2148,12-01-1974,Male ,Single,US Citizen,01-05-2009,7/30/2018,relocation out of area,Voluntarily Terminated,2,Manufacturing,2500,Production       ,Michael Albert,22,Google Search,Fully Meets,4.6,5,02-05-2018,0,7,Permanent,2
"Sahoo, Adil",10233,1,5,3,57975,0,20,Production Technician II,MA,2062,04-12-1986,Male ,Married,US Citizen,8-30-2010,,N/A-StillEmployed,Active,3,Equipment knowledge,1500,Production       ,Kelley Spirea,18,CareerBuilder,Fully Meets,4.1,3,01-10-2019,0,13,Permanent,3
"Salter, Jason",10229,5,3,3,88527,1,9,Data Analyst ,MA,2452,12-06-1987,Male ,Divorced,US Citizen,01-05-2015,10/31/2015,hours,Voluntarily Terminated,4,SQL,1000,IT/IS,Simon Roup,4,LinkedIn,Fully Meets,4.2,3,4/20/2015,0,2,Permanent,3
"Sander, Kamrin",10169,1,5,3,56147,0,19,Production Technician I,MA,2154,07-10-1988,Female,Married,US Citizen,9-29-2014,,N/A-StillEmployed,Active,3,Equipment knowledge,1500,Production       ,Elijiah Gray,16,LinkedIn,Fully Meets,3.51,3,2/18/2019,0,2,Permanent,2
"Sewkumar, Nori",10071,3,5,3,50923,0,19,Production Technician I,MA,2191,03-10-1975,Female,Single,US Citizen,9-30-2013,,N/A-StillEmployed,Active,3,Equipment knowledge,1500,Production       ,Webster Butler,,Google Search,Fully Meets,5,5,02-06-2019,0,14,Permanent,1
"Shepard, Anita ",10179,1,3,3,50750,0,15,Network Engineer,MA,1773,04-03-1981,Female,Married,US Citizen,9-30-2014,,N/A-StillEmployed,Active,4,SQL,1000,IT/IS,Peter Monroe,7,LinkedIn,Fully Meets,3.31,3,01-07-2019,0,7,contractor,3
"Shields, Seffi",10091,1,5,3,52087,0,19,Production Technician I,MA,2149,08-03-1985,Female,Married,US Citizen,08-09-2013,,N/A-StillEmployed,Active,2,Manufacturing,2500,Production       ,Amy Dunn,11,LinkedIn,Fully Meets,4.81,4,2/15/2019,0,15,contractor,4
"Simard, Kramer",10178,1,3,3,87826,0,9,Data Analyst,MA,2110,02-08-1970,Male ,Married,US Citizen,01-05-2015,,N/A-StillEmployed,Active,4,SQL,1000,IT/IS,Simon Roup,4,Employee Referral,Fully Meets,3.32,3,1/14/2019,0,16,contractor,1
"Singh, Nan ",10039,1,1,3,51920,0,2,Administrative Assistant,MA,2330,05-09-1988,Female,Single,US Citizen,05-01-2015,,N/A-StillEmployed,Active,1,CAA,5000,Admin Offices,Brandon R. LeBlanc,1,Website,Fully Meets,5,3,1/15/2019,0,2,Permanent,2
"Sloan, Constance",10095,5,5,3,63878,1,20,Production Technician II,MA,1851,11-06-1987,Female,Single,US Citizen,10-12-2009,04-08-2015,maternity leave - did not return,Voluntarily Terminated,3,Equipment knowledge,1500,Production       ,Michael Albert,22,CareerBuilder,Fully Meets,4.68,4,04-02-2015,0,20,Permanent,3
"Smith, Joe",10027,1,5,4,60656,0,20,Production Technician II,MA,2045,10-08-1963,Male ,Single,US Citizen,9-29-2014,,N/A-StillEmployed,Active,2,Manufacturing,2500,Production       ,Elijiah Gray,16,Indeed,Exceeds,4.3,3,1/28/2019,0,4,Permanent,4
"Smith, John",10291,1,6,2,72992,0,21,Sales Manager,MA,1886,08-02-1984,Male ,Divorced,US Citizen,5-18-2014,,N/A-StillEmployed,Active,4,customer relationship,2500,Sales,Debra Houlihan,15,Diversity Job Fair,Needs Improvement,2.4,4,1/16/2019,2,16,Permanent,2
"Smith, Leigh Ann",10153,5,1,3,55000,1,2,Administrative Assistant,MA,1844,06-03-1987,Female,Married,US Citizen,09-12-2011,9/25/2013,career change,Voluntarily Terminated,1,CAA,5000,Admin Offices,Brandon R. LeBlanc,1,Diversity Job Fair,Fully Meets,3.8,4,8/15/2013,0,17,Permanent,3
"Smith, Sade",10157,1,5,3,58939,0,19,Production Technician I,MA,2130,02-02-1965,Female,Single,US Citizen,11-11-2013,,N/A-StillEmployed,Active,3,Equipment knowledge,1500,Production       ,Ketsia Liebig,19,Employee Referral,Fully Meets,3.73,3,1/24/2019,0,16,Permanent,3
"Soto, Julia ",10119,1,3,3,66593,0,14,IT Support,MA,2360,03-12-1973,Female,Married,US Citizen,06-10-2011,,N/A-StillEmployed,Active,4,SQL,1000,IT/IS,Eric Dougall,6,LinkedIn,Fully Meets,4.3,3,02-08-2019,0,19,Permanent,2
"Soze, Keyser",10180,2,3,3,87565,0,28,Sr. Network Engineer,MA,1545,02-09-1983,Male ,Married,US Citizen,6-30-2016,,N/A-StillEmployed,Active,4,python ,2000,IT/IS,Peter Monroe,7,LinkedIn,Fully Meets,3.27,4,1/14/2019,0,13,Permanent,1
"Sparks, Taylor  ",10302,1,5,1,64021,0,19,Production Technician I,MA,2093,07-10-1968,Female,Married,US Citizen,2-20-2012,,N/A-StillEmployed,Active,2,SQL,,Production       ,Brannon Miller,12,Indeed,PIP,2.4,2,2/25/2019,6,20,Permanent,3
"Spirea, Kelley",10090,1,5,3,65714,0,18,Production Manager,MA,2451,09-08-1975,Female,Married,US Citizen,10-02-2012,,N/A-StillEmployed,Active,3,Equipment knowledge,1500,Production       ,Janet King,2,LinkedIn,Fully Meets,4.83,5,2/14/2019,0,15,contractor,2
"Squatrito, Kristen",10030,5,5,4,62425,1,19,Production Technician I,MA,2359,03-12-1973,Female,Divorced,US Citizen,5-13-2013,6/29/2015,unhappy,Voluntarily Terminated,3,Equipment knowledge,1500,Production       ,David Stanley,14,LinkedIn,Exceeds,4.1,4,03-02-2015,0,16,contractor,2
"Stanford,Barbara  M",10278,1,5,3,47961,0,19,Production Technician I,MA,2050,08-06-1982,Female,Divorced,US Citizen,01-10-2011,,N/A-StillEmployed,Active,2,Manufacturing,2500,Production       ,Kissy Sullivan,20,Google Search,Fully Meets,4.1,4,02-07-2019,0,9,contractor,3
"Stansfield, Norman",10307,1,6,1,58273,0,3,Area Sales Manager,NV,89139,05-09-1974,Male ,Married,US Citizen,05-12-2014,,N/A-StillEmployed,Active,4,customer relationship,2500,Sales,Lynn Daneault,21,Website,PIP,1.81,2,1/17/2019,3,5,Permanent,3
"Steans, Tyrone  ",10147,1,1,3,63003,0,1,Accountant I,MA,2703,09-01-1986,Male ,Single,US Citizen,9-29-2014,,N/A-StillEmployed,Active,1,CAA,5000,Admin Offices,Brandon R. LeBlanc,1,Indeed,Fully Meets,3.9,5,1/18/2019,0,9,Permanent,2
"Stoica, Rick",10266,1,5,3,61355,0,19,Production Technician I,MA,2301,03-03-1985,Male ,Married,US Citizen,2-17-2014,,N/A-StillEmployed,Active,3,Equipment knowledge,1500,Production       ,Kelley Spirea,18,LinkedIn,Fully Meets,4.7,3,01-11-2019,0,4,Permanent,1
"Strong, Caitrin",10241,1,6,3,60120,0,3,Area Sales Manager,MT,59102,05-12-1989,Female,Married,US Citizen,9-27-2010,,N/A-StillEmployed,Active,4,customer relationship,2500,Sales,John Smith,17,Indeed,Fully Meets,4.1,4,1/31/2019,0,18,Permanent,3
"Sullivan, Kissy ",10158,1,5,3,63682,0,18,Production Manager,MA,1776,03-10-1978,Female,Married,US Citizen,01-08-2009,,N/A-StillEmployed,Active,3,Equipment knowledge,1500,Production       ,Janet King,2,Indeed,Fully Meets,3.73,4,1/24/2019,0,12,Permanent,4
"Sullivan, Timothy",10117,1,5,3,63025,0,19,Production Technician I,MA,2747,10-07-1982,Male ,Married,US Citizen,01-05-2015,,N/A-StillEmployed,Active,2,Manufacturing,2500,Production       ,Michael Albert,22,Google Search,Fully Meets,4.36,5,1/24/2019,0,10,contractor,1
"Sutwell, Barbara",10209,1,5,3,59238,0,19,Production Technician I,MA,2718,08-01-1968,Female,Single,Eligible NonCitizen,05-03-2012,,N/A-StillEmployed,Active,3,Equipment knowledge,1500,Production       ,Elijiah Gray,16,Indeed,Fully Meets,3.4,5,1/31/2019,0,13,contractor,2
"Szabo, Andrew",10024,1,4,4,92989,0,24,Software Engineer,MA,2140,05-06-1983,Male ,Single,US Citizen,07-07-2014,,N/A-StillEmployed,Active,3,Bigdata,2500,Software Engineering,Alex Sweetwater,10,LinkedIn,Exceeds,4.5,5,2/18/2019,0,1,contractor,3
"Tannen, Biff",10173,1,3,3,90100,0,4,BI Developer,MA,2134,10-03-1987,Male ,Married,US Citizen,4-20-2017,,N/A-StillEmployed,Active,4,SQL,1000,IT/IS,Brian Champaigne,13,Indeed,Fully Meets,3.4,3,01-02-2019,0,14,Permanent,2
"Tavares, Desiree  ",10221,5,5,3,60754,1,19,Production Technician I,MA,1801,04-03-1975,Female,Married,Non-Citizen,4-27-2009,04-01-2013,Another position,Voluntarily Terminated,2,SQL,,Production       ,Webster Butler,39,Diversity Job Fair,Fully Meets,4.5,5,2/15/2012,0,11,contractor,3
"Tejeda, Lenora ",10146,5,5,3,72202,1,20,Production Technician II,MA,2129,05-03-1953,Female,Married,US Citizen,05-02-2011,07-08-2017,Another position,Voluntarily Terminated,3,SQL,,Production       ,Elijiah Gray,16,Google Search,Fully Meets,3.93,3,4/18/2017,0,3,Permanent,3
"Terry, Sharlene ",10161,1,6,3,58370,0,3,Area Sales Manager,OR,97756,05-07-1965,Female,Single,US Citizen,9-29-2014,,N/A-StillEmployed,Active,4,customer relationship,2500,Sales,Lynn Daneault,21,Indeed,Fully Meets,3.69,3,1/28/2019,0,18,Permanent,2
"Theamstern, Sophia",10141,5,5,3,48413,1,19,Production Technician I,MA,2066,05-09-1965,Female,Single,US Citizen,07-05-2011,09-05-2016,return to school,Voluntarily Terminated,3,Equipment knowledge,1500,Production       ,Amy Dunn,11,Indeed,Fully Meets,3.98,4,03-02-2016,0,1,contractor,1
"Thibaud, Kenneth",10268,5,5,3,67176,1,20,Production Technician II,MA,2472,09-02-1975,Male ,Widowed,US Citizen,06-06-2007,8/30/2010,military,Voluntarily Terminated,2,Manufacturing,2500,Production       ,Webster Butler,39,Other,Fully Meets,4.1,4,7/14/2010,0,15,contractor,3
"Tippett, Jeanette",10123,1,5,3,56339,0,19,Production Technician I,MA,2093,06-05-1967,Female,Divorced,US Citizen,2-18-2013,,N/A-StillEmployed,Active,3,Equipment knowledge,1500,Production       ,Brannon Miller,12,Indeed,Fully Meets,4.21,5,1/14/2019,0,4,contractor,4
"Torrence, Jack",10013,1,6,4,64397,0,3,Area Sales Manager,ND,58782,01-01-1968,Male ,Separated,US Citizen,01-09-2006,,N/A-StillEmployed,Active,4,customer relationship,2500,Sales,Lynn Daneault,21,Indeed,Exceeds,4.1,3,01-04-2019,0,6,contractor,1
"Trang, Mei",10287,1,5,2,63025,0,19,Production Technician I,MA,2021,05-02-1983,Female,Single,US Citizen,2-17-2014,,N/A-StillEmployed,Active,2,Manufacturing,2500,Production       ,David Stanley,14,LinkedIn,Needs Improvement,2.44,5,02-11-2019,4,18,Permanent,2
"Tredinnick, Neville ",10044,5,3,3,75281,1,15,Network Engineer,MA,1420,05-05-1988,Male ,Married,US Citizen,01-05-2015,02-12-2016,medical issues,Voluntarily Terminated,4,cloud computing,3000,IT/IS,Peter Monroe,7,CareerBuilder,Fully Meets,5,3,4/15/2015,0,11,Permanent,3
"True, Edward",10102,5,4,3,100416,1,24,Software Engineer,MA,2451,06-03-1983,Male ,Single,Non-Citizen,2-18-2013,4/15/2018,medical issues,Voluntarily Terminated,3,Bigdata,2500,Software Engineering,Alex Sweetwater,10,Diversity Job Fair,Fully Meets,4.6,3,02-12-2017,0,9,Permanent,4
"Trzeciak, Cybil",10270,5,5,3,74813,1,20,Production Technician II,MA,1778,03-01-1985,Female,Single,US Citizen,01-10-2011,07-02-2014,unhappy,Voluntarily Terminated,3,Equipment knowledge,1500,Production       ,Amy Dunn,11,LinkedIn,Fully Meets,4.4,3,01-05-2014,0,5,Permanent,2
"Turpin, Jumil",10045,1,3,3,76029,0,15,Network Engineer,MA,2343,03-11-1969,Male ,Married,Eligible NonCitizen,3-30-2015,,N/A-StillEmployed,Active,4,python ,2000,IT/IS,Peter Monroe,7,Employee Referral,Fully Meets,5,4,1/14/2019,0,8,Permanent,3
"Valentin,Jackie",10205,1,6,3,57859,0,3,Area Sales Manager,AZ,85006,05-10-1991,Female,Married,US Citizen,07-05-2011,,N/A-StillEmployed,Active,4,customer relationship,2500,Sales,John Smith,17,Indeed,Fully Meets,2.81,3,1/17/2019,0,16,Permanent,3
"Veera, Abdellah ",10014,5,5,4,58523,1,19,Production Technician I,MA,2171,01-11-1987,Male ,Divorced,US Citizen,8-13-2012,02-05-2016,maternity leave - did not return,Voluntarily Terminated,2,cloud computing,,Production       ,Kissy Sullivan,20,LinkedIn,Exceeds,4.5,5,02-01-2016,0,15,contractor,2
"Vega, Vincent",10144,1,5,3,88976,0,17,Production Manager,MA,2169,10-10-1968,Male ,Divorced,US Citizen,08-01-2011,,N/A-StillEmployed,Active,3,Equipment knowledge,1500,Production       ,Janet King,2,Employee Referral,Fully Meets,3.93,3,2/27/2019,0,19,contractor,1
"Villanueva, Noah",10253,1,6,3,55875,0,3,Area Sales Manager,ME,4063,07-11-1989,Male ,Single,US Citizen,03-05-2012,,N/A-StillEmployed,Active,4,customer relationship,2500,Sales,John Smith,17,Website,Fully Meets,4.5,4,1/18/2019,0,11,contractor,3
"Voldemort, Lord",10118,4,3,3,113999,1,8,Database Administrator,MA,1960,08-07-1986,Male ,Married,US Citizen,2-16-2015,2/22/2017,"no-call, no-show",Terminated for Cause,4,SQL,1000,IT/IS,Simon Roup,4,Employee Referral,Fully Meets,4.33,3,2/15/2017,0,9,Permanent,2
"Volk, Colleen",10022,4,5,4,49773,1,19,Production Technician I,MA,2747,06-03-1986,Female,Married,US Citizen,9-26-2011,02-08-2016,gross misconduct,Terminated for Cause,2,Manufacturing,2500,Production       ,Kelley Spirea,18,Google Search,Exceeds,4.3,5,02-01-2015,0,18,Permanent,2
"Von Massenbach, Anna",10183,2,5,3,62068,0,19,Production Technician I,MA,2124,04-06-1985,Female,Single,US Citizen,07-05-2015,,N/A-StillEmployed,Active,3,Equipment knowledge,1500,Production       ,Michael Albert,22,LinkedIn,Fully Meets,3.21,3,1/29/2019,0,7,Permanent,3
"Walker, Roger",10190,1,5,3,66541,0,20,Production Technician II,MA,2459,02-10-1976,Male ,Single,US Citizen,8-18-2014,,N/A-StillEmployed,Active,3,Equipment knowledge,1500,Production       ,Ketsia Liebig,19,Employee Referral,Fully Meets,3.11,5,02-12-2019,0,4,Permanent,3
"Wallace, Courtney  E",10274,5,5,3,80512,1,18,Production Manager,MA,2478,11-03-1955,Female,Married,US Citizen,09-12-2011,01-02-2012,Another position,Voluntarily Terminated,3,Equipment knowledge,1500,Production       ,Janet King,2,Diversity Job Fair,Fully Meets,4.5,3,01-02-2012,0,5,Permanent,2
"Wallace, Theresa",10293,5,5,2,50274,1,19,Production Technician I,MA,1887,08-02-1980,Female,Single,US Citizen,8-13-2012,09-01-2015,career change,Voluntarily Terminated,2,Manufacturing,2500,Production       ,Elijiah Gray,16,CareerBuilder,Needs Improvement,2.5,3,09-05-2014,6,13,Permanent,1
"Wang, Charlie",10172,1,3,3,84903,0,22,Senior BI Developer,MA,1887,07-08-1981,Male ,Single,US Citizen,2-15-2017,,N/A-StillEmployed,Active,4,python,2000,IT/IS,Brian Champaigne,13,Indeed,Fully Meets,3.42,4,01-04-2019,0,17,Permanent,3
"Warfield, Sarah",10127,1,3,3,107226,0,28,Sr. Network Engineer,MA,2453,05-02-1978,Female,Widowed,US Citizen,3-30-2015,,N/A-StillEmployed,Active,4,python,2000,IT/IS,Peter Monroe,7,Employee Referral,Fully Meets,4.2,4,02-05-2019,0,7,Permanent,4
"Whittier, Scott",10072,5,5,3,58371,1,19,Production Technician I,MA,2030,05-03-1987,Male ,Single,US Citizen,01-10-2011,5/15/2014,hours,Voluntarily Terminated,2,Manufacturing,2500,Production       ,Webster Butler,39,LinkedIn,Fully Meets,5,5,5/15/2014,0,11,Permanent,1
"Wilber, Barry",10048,5,5,3,55140,1,19,Production Technician I,MA,2324,09-09-1965,Male ,Married,Eligible NonCitizen,5-16-2011,09-07-2015,unhappy,Voluntarily Terminated,3,Equipment knowledge,1500,Production       ,Amy Dunn,11,Website,Fully Meets,5,3,2/15/2015,0,7,Permanent,2
"Wilkes, Annie",10204,5,5,3,58062,1,19,Production Technician I,MA,1876,07-08-1983,Female,Divorced,US Citizen,01-10-2011,5/14/2012,Another position,Voluntarily Terminated,3,Equipment knowledge,1500,Production       ,Ketsia Liebig,19,Google Search,Fully Meets,3.6,5,02-06-2011,0,9,Permanent,3
"Williams, Jacquelyn  ",10264,5,5,3,59728,1,19,Production Technician I,MA,2109,10-02-1969,Female,Single,US Citizen,01-09-2012,6/27/2015,relocation out of area,Voluntarily Terminated,3,Equipment knowledge,1500,Production       ,Ketsia Liebig,19,Diversity Job Fair,Fully Meets,4.3,4,06-02-2014,0,16,Permanent,2
"Winthrop, Jordan  ",10033,5,5,4,70507,1,20,Production Technician II,MA,2045,11-07-1958,Male ,Single,US Citizen,01-07-2013,2/21/2016,retiring,Voluntarily Terminated,3,Equipment knowledge,1500,Production       ,Brannon Miller,12,LinkedIn,Exceeds,5,3,1/19/2016,0,7,Permanent,3
"Wolk, Hang  T",10174,1,5,3,60446,0,20,Production Technician II,MA,2302,04-10-1985,Female,Single,US Citizen,9-29-2014,,N/A-StillEmployed,Active,3,Equipment knowledge,1500,Production       ,David Stanley,14,LinkedIn,Fully Meets,3.4,4,2/21/2019,0,14,Permanent,3
"Woodson, Jason",10135,1,5,3,65893,0,20,Production Technician II,MA,1810,05-11-1985,Male ,Single,US Citizen,07-07-2014,,N/A-StillEmployed,Active,2,Manufacturing,2500,Production       ,Kissy Sullivan,20,LinkedIn,Fully Meets,4.07,4,2/28/2019,0,13,Permanent,2
"Ybarra, Catherine ",10301,5,5,1,48513,1,19,Production Technician I,MA,2458,05-04-1982,Female,Single,US Citizen,09-02-2008,9/29/2015,Another position,Voluntarily Terminated,3,Equipment knowledge,1500,Production       ,Brannon Miller,12,Google Search,PIP,3.2,2,09-02-2015,5,4,Permanent,1
"Zamora, Jennifer",10010,1,3,4,220450,0,6,CIO,MA,2067,08-08-1979,Female,Single,US Citizen,04-10-2010,,N/A-StillEmployed,Active,4,python,2000,IT/IS,Janet King,2,Employee Referral,Exceeds,4.6,5,2/21/2019,0,16,Permanent,3
"Zhou, Julia",10043,1,3,3,89292,0,9,Data Analyst,MA,2148,02-03-1979,Female,Single,US Citizen,3-30-2015,,N/A-StillEmployed,Active,4,python,2000,IT/IS,Simon Roup,4,Employee Referral,Fully Meets,5,3,02-01-2019,0,11,Permanent,4
"Zima, Colleen",10271,1,5,3,45046,0,19,Production Technician I,MA,1730,08-06-1978,Female,Widowed,US Citizen,9-29-2014,,N/A-StillEmployed,Active,2,Manufacturing,,Production       ,David Stanley,14,LinkedIn,Fully Meets,4.5,5,1/30/2019,0,2,Permanent,1
